oam_side,oam_active,speed[LEFT],oam_ofm_speed[LEFT],speed[RIGHT],oam_ofm_speed[RIGHT]
-1,0, 199, 150, 200, 150
-1,0, 198, 150, 201, 150
-1,0, 198, 150, 202, 150
-1,0, 198, 150, 201, 150
-1,0, 201, 150, 198, 150
-1,0, 201, 150, 198, 150
-1,0, 199, 150, 200, 150
-1,0, 201, 150, 198, 150
-1,0, 200, 150, 200, 150
-1,0, 199, 150, 200, 150
-1,0, 199, 150, 200, 150
-1,0, 199, 150, 200, 150
-1,0, 199, 150, 200, 150
-1,0, 198, 150, 201, 150
-1,0, 199, 150, 200, 150
-1,0, 199, 150, 200, 150
-1,0, 202, 150, 198, 150
-1,0, 199, 150, 200, 150
-1,0, 200, 150, 199, 150
-1,0, 198, 150, 201, 150
-1,0, 200, 150, 199, 150
-1,0, 199, 150, 200, 150
-1,0, 202, 150, 198, 150
-1,0, 199, 150, 200, 150
-1,0, 203, 150, 196, 150
-1,0, 201, 150, 198, 150
-1,0, 199, 150, 200, 150
-1,0, 198, 150, 201, 150
-1,0, 198, 150, 201, 150
-1,0, 200, 150, 199, 150
-1,0, 200, 150, 200, 150
-1,0, 200, 150, 200, 150
-1,0, 198, 150, 201, 150
-1,0, 201, 150, 198, 150
-1,0, 200, 150, 199, 150
-1,0, 200, 150, 200, 150
-1,0, 198, 150, 201, 150
-1,0, 200, 150, 199, 150
-1,0, 199, 150, 200, 150
-1,0, 201, 150, 198, 150
-1,0, 200, 150, 199, 150
-1,0, 202, 150, 197, 150
-1,0, 200, 150, 199, 150
-1,0, 199, 150, 200, 150
-1,0, 201, 150, 198, 150
-1,0, 200, 150, 199, 150
-1,0, 200, 150, 199, 150
-1,0, 198, 150, 201, 150
-1,0, 200, 150, 200, 150
-1,0, 200, 150, 199, 150
-1,0, 199, 150, 200, 150
-1,0, 200, 150, 200, 150
-1,0, 201, 150, 198, 150
-1,0, 198, 150, 201, 150
-1,0, 200, 150, 199, 150
-1,0, 200, 150, 200, 150
-1,0, 199, 150, 200, 150
-1,0, 202, 150, 197, 150
-1,0, 200, 150, 200, 150
-1,0, 198, 150, 201, 150
-1,0, 201, 150, 198, 150
-1,0, 200, 150, 200, 150
-1,0, 199, 150, 200, 150
-1,0, 199, 150, 200, 150
-1,0, 200, 150, 200, 150
-1,0, 200, 150, 199, 150
-1,0, 200, 150, 199, 150
-1,0, 198, 150, 201, 150
-1,0, 201, 150, 198, 150
-1,0, 200, 150, 199, 150
-1,0, 200, 150, 199, 150
-1,0, 199, 150, 200, 150
-1,0, 202, 150, 197, 150
-1,0, 200, 150, 200, 150
-1,0, 202, 150, 198, 150
-1,0, 201, 150, 198, 150
-1,0, 199, 150, 200, 150
-1,0, 200, 150, 200, 150
-1,0, 198, 150, 201, 150
-1,0, 202, 150, 198, 150
-1,0, 200, 150, 199, 150
-1,0, 198, 150, 201, 150
-1,0, 199, 150, 200, 150
-1,0, 197, 150, 202, 150
-1,0, 199, 150, 200, 150
-1,0, 201, 150, 198, 150
-1,0, 199, 150, 200, 150
-1,0, 200, 150, 200, 150
-1,0, 199, 150, 200, 150
-1,0, 202, 150, 197, 150
-1,0, 199, 150, 200, 150
-1,0, 198, 150, 201, 150
-1,0, 196, 150, 203, 150
-1,0, 199, 150, 200, 150
-1,0, 200, 150, 199, 150
-1,0, 196, 150, 203, 150
-1,0, 199, 150, 200, 150
-1,0, 199, 150, 200, 150
-1,0, 200, 150, 199, 150
-1,0, 200, 150, 200, 150
-1,0, 198, 150, 201, 150
-1,0, 198, 150, 201, 150
-1,0, 198, 150, 201, 150
-1,0, 200, 150, 200, 150
-1,0, 198, 150, 201, 150
-1,0, 201, 150, 198, 150
-1,0, 198, 150, 202, 150
-1,0, 200, 150, 199, 150
-1,0, 199, 150, 200, 150
-1,0, 198, 150, 201, 150
-1,0, 200, 150, 199, 150
-1,0, 200, 150, 199, 150
-1,0, 200, 150, 200, 150
-1,0, 4, 150, 396, 150
-1,0, 5, 150, 394, 150
-1,0, -19, 150, 419, 150
-1,0, -16, 150, 416, 150
-1,0, -18, 150, 418, 150
-1,0, -17, 150, 417, 150
-1,0, 69, 150, 330, 150
-1,0, 188, 150, 212, 150
-1,0, 187, 150, 212, 150
-1,0, 199, 150, 200, 150
-1,0, 198, 150, 201, 150
-1,0, 201, 150, 198, 150
-1,0, 200, 150, 199, 150
-1,0, 198, 150, 201, 150
-1,0, 199, 150, 200, 150
-1,0, 198, 150, 201, 150
-1,0, 199, 150, 200, 150
-1,0, 416, 150, -16, 150
-1,0, 418, 150, -18, 150
-1,0, 416, 150, -16, 150
-1,0, 418, 150, -18, 150
-1,0, 418, 150, -18, 150
-1,0, 415, 150, -15, 150
-1,0, 416, 150, -16, 150
-1,0, 416, 150, -16, 150
-1,0, 416, 150, -16, 150
-1,0, 417, 150, -17, 150
-1,0, 416, 150, -16, 150
-1,0, 418, 150, -18, 150
-1,0, 418, 150, -18, 150
-1,0, 417, 150, -17, 150
-1,0, 417, 150, -17, 150
-1,0, 416, 150, -16, 150
-1,0, 418, 150, -18, 150
-1,0, 417, 150, -17, 150
-1,0, 418, 150, -18, 150
-1,0, 418, 150, -18, 150
-1,0, 417, 150, -17, 150
-1,0, 418, 150, -18, 150
-1,0, 417, 150, -17, 150
-1,0, 416, 150, -16, 150
-1,0, 418, 150, -18, 150
-1,0, 416, 150, -16, 150
-1,0, 417, 150, -17, 150
-1,0, 418, 150, -18, 150
-1,0, 416, 150, -16, 150
-1,0, 418, 150, -18, 150
-1,0, 416, 150, -16, 150
-1,0, 418, 150, -18, 150
-1,0, 418, 150, -18, 150
-1,0, 416, 150, -16, 150
-1,0, 417, 150, -17, 150
-1,0, 242, 150, 157, 150
-1,0, 418, 150, -18, 150
-1,0, 240, 150, 159, 150
-1,0, 418, 150, -18, 150
-1,0, 242, 150, 157, 150
-1,0, 243, 150, 156, 150
-1,0, 416, 150, -16, 150
-1,0, 241, 150, 158, 150
-1,0, 242, 150, 157, 150
-1,0, 242, 150, 157, 150
-1,0, 418, 150, -18, 150
-1,0, 244, 150, 155, 150
-1,0, 241, 150, 158, 150
-1,0, 242, 150, 158, 150
-1,0, 240, 150, 159, 150
-1,0, 416, 150, -16, 150
-1,0, 239, 150, 160, 150
-1,0, 242, 150, 157, 150
-1,0, 241, 150, 158, 150
-1,0, 239, 150, 160, 150
-1,0, 417, 150, -17, 150
-1,0, 242, 150, 157, 150
-1,0, 241, 150, 158, 150
-1,0, 242, 150, 157, 150
-1,0, 241, 150, 158, 150
-1,0, 241, 150, 158, 150
-1,0, 240, 150, 159, 150
-1,0, 243, 150, 156, 150
-1,0, 243, 150, 156, 150
-1,0, 242, 150, 157, 150
-1,0, 241, 150, 158, 150
-1,0, 417, 150, -17, 150
1,1, 241, -1, 158, 301
1,1, 409, 150, -9, 150
1,1, 411, 150, -11, 150
1,1, 414, 150, -14, 150
1,1, 415, 150, -15, 150
1,1, 419, 150, -19, 150
1,1, 418, 150, -18, 150
1,1, 417, 150, -17, 150
1,1, 414, 150, -14, 150
1,1, 415, 150, -15, 150
1,1, 412, 150, -12, 150
1,1, 416, 150, -16, 150
1,1, 418, 150, -18, 150
1,1, 416, 150, -16, 150
1,1, 418, 150, -18, 150
1,1, 418, 150, -18, 150
1,1, 417, 150, -17, 150
1,1, 418, 150, -18, 150
1,1, 416, 150, -16, 150
1,1, 419, 150, -19, 150
1,1, 418, 150, -18, 150
1,1, 417, 150, -17, 150
1,1, 417, 150, -17, 150
1,1, 416, 150, -16, 150
1,1, 417, 150, -17, 150
1,1, 416, 150, -16, 150
1,1, 416, 150, -16, 150
1,1, 415, 150, -15, 150
1,1, 416, 150, -16, 150
1,1, 415, 150, -15, 150
1,1, 416, 150, -16, 150
1,1, 416, 150, -16, 150
1,1, 243, 150, 156, 150
1,1, 240, 150, 159, 150
1,1, 243, 150, 156, 150
1,1, 242, 150, 157, 150
1,1, 242, 150, 158, 150
1,1, 242, 150, 158, 150
1,1, 240, 150, 159, 150
1,1, 241, 150, 158, 150
1,1, 240, 150, 159, 150
1,1, 240, 150, 159, 150
1,1, 200, 300, 199, 0
1,1, 244, 300, 156, 0
1,1, 241, 300, 158, 0
1,1, 243, 300, 156, 0
1,1, 416, 300, -16, 0
1,1, 417, 300, -17, 0
1,1, 418, 300, -18, 0
1,1, 416, 300, -16, 0
1,1, 416, 300, -16, 0
1,1, 417, 300, -17, 0
1,1, 417, 300, -17, 0
1,1, 415, 300, -15, 0
1,1, 418, 300, -18, 0
1,1, 199, 300, 200, 0
1,1, 198, 300, 201, 0
1,1, 200, 300, 199, 0
1,1, 199, 300, 200, 0
1,1, 198, 300, 201, 0
1,1, 199, 300, 200, 0
1,1, 200, 300, 199, 0
1,1, 200, 300, 199, 0
1,1, 200, 300, 199, 0
1,1, 199, 300, 200, 0
1,1, 200, 300, 200, 0
1,1, 198, 300, 202, 0
1,1, 200, 300, 200, 0
1,1, 202, 300, 197, 0
1,1, 200, 300, 199, 0
1,1, 199, 300, 200, 0
1,1, 200, 300, 199, 0
1,1, -15, 300, 415, 0
1,1, -17, 300, 417, 0
1,1, 198, 300, 201, 0
1,1, 199, 300, 200, 0
1,1, 201, 300, 198, 0
1,1, 202, 300, 198, 0
1,1, 200, 300, 199, 0
1,1, 200, 300, 199, 0
1,1, 180, 300, 219, 0
1,1, 176, 300, 223, 0
1,1, 179, 300, 220, 0
1,1, 178, 300, 222, 0
1,1, -15, 300, 415, 0
1,1, 198, 300, 201, 0
1,1, 200, 300, 199, 0
1,1, 198, 300, 201, 0
1,1, 196, 300, 203, 0
1,1, 200, 300, 199, 0
1,1, 199, 300, 200, 0
1,1, 199, 300, 200, 0
1,1, 201, 300, 198, 0
1,1, 198, 300, 201, 0
1,1, 201, 300, 198, 0
1,1, 200, 300, 200, 0
1,1, 198, 300, 201, 0
1,1, 198, 300, 201, 0
1,1, 198, 300, 201, 0
1,1, 201, 300, 198, 0
1,1, 198, 300, 201, 0
1,1, 200, 300, 199, 0
1,1, 198, 300, 201, 0
1,1, 200, 300, 199, 0
1,1, 200, 300, 200, 0
1,1, 202, 300, 197, 0
1,1, 200, 300, 199, 0
1,1, 201, 300, 198, 0
1,1, 202, 300, 198, 0
1,1, 198, 300, 201, 0
1,1, 200, 300, 200, 0
1,1, 201, 300, 198, 0
1,1, 201, 300, 198, 0
1,1, 199, 300, 200, 0
1,1, 202, 300, 198, 0
1,1, 199, 300, 200, 0
1,1, 202, 300, 197, 0
1,1, 201, 300, 198, 0
1,1, 200, 300, 199, 0
1,1, 199, 300, 200, 0
1,1, 201, 300, 198, 0
1,1, 199, 300, 200, 0
1,1, 199, 300, 200, 0
1,1, 199, 300, 200, 0
1,1, 200, 300, 199, 0
1,1, 201, 300, 198, 0
1,1, 200, 300, 199, 0
1,1, 198, 300, 201, 0
1,1, 200, 300, 199, 0
1,1, 198, 300, 202, 0
1,1, 202, 300, 197, 0
1,1, 199, 300, 200, 0
1,1, 201, 300, 198, 0
1,1, 200, 300, 199, 0
1,1, 201, 300, 198, 0
1,1, 198, 300, 202, 0
1,1, 198, 300, 201, 0
1,1, 198, 300, 201, 0
1,1, 200, 300, 199, 0
1,1, 199, 300, 200, 0
1,1, 200, 300, 199, 0
1,1, 200, 300, 200, 0
1,1, 200, 300, 199, 0
1,1, 199, 300, 200, 0
1,1, 200, 300, 199, 0
1,1, 201, 300, 198, 0
1,1, 199, 300, 200, 0
1,1, 199, 300, 200, 0
1,1, 200, 300, 199, 0
1,1, 199, 300, 200, 0
1,1, 198, 300, 201, 0
1,1, 198, 300, 201, 0
1,1, 199, 300, 200, 0
1,1, 198, 300, 201, 0
1,1, 198, 300, 201, 0
1,1, 202, 300, 198, 0
1,1, 200, 300, 200, 0
1,1, 200, 300, 199, 0
1,1, 199, 300, 200, 0
1,1, 198, 300, 202, 0
1,1, 201, 300, 198, 0
1,1, 200, 300, 199, 0
1,1, 200, 300, 200, 0
1,1, 199, 300, 200, 0
1,1, 198, 300, 202, 0
1,1, 199, 300, 200, 0
1,1, 201, 300, 198, 0
1,1, 202, 300, 197, 0
1,1, 200, 300, 200, 0
1,1, 200, 300, 199, 0
1,1, 198, 300, 201, 0
1,1, 200, 300, 199, 0
1,1, 200, 300, 199, 0
1,1, 200, 300, 200, 0
1,1, 200, 300, 200, 0
1,1, 198, 300, 201, 0
1,1, 200, 300, 199, 0
1,1, 198, 300, 201, 0
1,1, 200, 300, 200, 0
1,1, 198, 300, 201, 0
1,1, 199, 300, 200, 0
1,1, 201, 300, 198, 0
1,1, 200, 300, 199, 0
1,1, 200, 300, 200, 0
1,1, 202, 300, 198, 0
1,1, 200, 300, 200, 0
1,1, 202, 300, 197, 0
1,1, 200, 300, 199, 0
1,1, 199, 300, 200, 0
1,1, 198, 300, 201, 0
1,1, 198, 300, 201, 0
1,1, 198, 300, 201, 0
1,1, 198, 300, 201, 0
1,1, 202, 300, 197, 0
1,1, 200, 300, 199, 0
1,1, 199, 300, 200, 0
1,1, 200, 300, 199, 0
1,1, 197, 300, 202, 0
1,1, 200, 300, 199, 0
1,1, 198, 300, 201, 0
1,1, 198, 300, 201, 0
1,1, 198, 300, 201, 0
1,1, 199, 300, 200, 0
1,1, 198, 300, 201, 0
1,1, 200, 300, 200, 0
1,1, 200, 300, 199, 0
1,1, 201, 300, 198, 0
1,1, 418, 300, -18, 0
1,1, 415, 300, -15, 0
1,1, 416, 300, -16, 0
1,1, 416, 300, -16, 0
1,1, 414, 300, -14, 0
1,1, 417, 300, -17, 0
1,1, 414, 300, -14, 0
1,1, 415, 300, -15, 0
1,1, 415, 300, -15, 0
1,1, 416, 300, -16, 0
1,1, 415, 300, -15, 0
1,1, 416, 300, -16, 0
1,1, 416, 300, -16, 0
1,1, 416, 300, -16, 0
1,1, 417, 300, -17, 0
1,1, 417, 300, -17, 0
1,1, 416, 300, -16, 0
1,1, 418, 300, -18, 0
1,1, 417, 300, -17, 0
1,1, 418, 300, -18, 0
1,1, 418, 300, -18, 0
1,1, 415, 300, -15, 0
1,1, 415, 300, -15, 0
1,1, 416, 300, -16, 0
1,1, 416, 300, -16, 0
1,1, 418, 300, -18, 0
1,1, 200, 300, 199, 0
1,1, 198, 300, 202, 0
-1,0, 412, 150, -12, 150
-1,0, 414, 150, -14, 150
-1,0, 414, 150, -14, 150
-1,0, 413, 150, -13, 150
-1,0, 416, 150, -16, 150
-1,0, 226, 150, 173, 150
-1,0, 198, 150, 201, 150
-1,0, 198, 150, 201, 150
-1,0, 415, 150, -15, 150
-1,0, 200, 150, 200, 150
-1,0, 198, 150, 202, 150
-1,0, 200, 150, 199, 150
-1,0, 199, 150, 200, 150
-1,0, 198, 150, 201, 150
-1,0, 200, 150, 199, 150
-1,0, 198, 150, 201, 150
-1,0, 202, 150, 198, 150
-1,0, 200, 150, 200, 150
-1,0, 198, 150, 201, 150
-1,0, 200, 150, 199, 150
-1,0, 201, 150, 198, 150
-1,0, 196, 150, 203, 150
-1,0, 199, 150, 200, 150
-1,0, 200, 150, 199, 150
-1,0, 200, 150, 200, 150
-1,0, 200, 150, 199, 150
-1,0, 200, 150, 200, 150
-1,0, 200, 150, 199, 150
-1,0, 200, 150, 200, 150
-1,0, 200, 150, 199, 150
-1,0, 198, 150, 201, 150
-1,0, 198, 150, 201, 150
-1,0, 198, 150, 202, 150
-1,0, 202, 150, 198, 150
-1,0, 201, 150, 198, 150
-1,0, 202, 150, 197, 150
-1,0, 200, 150, 200, 150
-1,0, 198, 150, 201, 150
-1,0, 200, 150, 199, 150
-1,0, 200, 150, 200, 150
-1,0, 201, 150, 198, 150
-1,0, 200, 150, 199, 150
-1,0, 202, 150, 197, 150
-1,0, 200, 150, 199, 150
-1,0, 200, 150, 200, 150
-1,0, 199, 150, 200, 150
-1,0, 200, 150, 199, 150
-1,0, 200, 150, 199, 150
-1,0, 201, 150, 198, 150
-1,0, 199, 150, 200, 150
-1,0, 201, 150, 198, 150
-1,0, 200, 150, 199, 150
-1,0, 200, 150, 199, 150
-1,0, 199, 150, 200, 150
-1,0, 201, 150, 198, 150
-1,0, 201, 150, 198, 150
-1,0, 200, 150, 200, 150
-1,0, 200, 150, 199, 150
-1,0, 200, 150, 199, 150
-1,0, 197, 150, 202, 150
-1,0, 200, 150, 199, 150
-1,0, 200, 150, 199, 150
-1,0, 198, 150, 201, 150
-1,0, 200, 150, 199, 150
-1,0, 199, 150, 200, 150
-1,0, 198, 150, 201, 150
-1,0, 200, 150, 200, 150
-1,0, 202, 150, 197, 150
-1,0, 199, 150, 200, 150
-1,0, 120, 150, 280, 150
-1,0, 200, 150, 199, 150
-1,0, 202, 150, 198, 150
-1,0, 201, 150, 198, 150
-1,0, 200, 150, 199, 150
-1,0, 201, 150, 198, 150
-1,0, 200, 150, 199, 150
-1,0, 154, 150, 245, 150
-1,0, 153, 150, 246, 150
-1,0, -18, 150, 418, 150
-1,0, -17, 150, 417, 150
-1,0, 158, 150, 242, 150
-1,0, 158, 150, 241, 150
-1,0, -16, 150, 416, 150
-1,0, -18, 150, 418, 150
-1,0, -19, 150, 419, 150
-1,0, -16, 150, 416, 150
-1,0, -20, 150, 420, 150
-1,0, -18, 150, 418, 150
-1,0, -17, 150, 417, 150
-1,0, -18, 150, 418, 150
-1,0, -16, 150, 416, 150
-1,0, -18, 150, 418, 150
-1,0, -15, 150, 415, 150
-1,0, -18, 150, 418, 150
-1,0, -17, 150, 417, 150
-1,0, -19, 150, 419, 150
-1,0, -18, 150, 418, 150
-1,0, 200, 150, 200, 150
-1,0, -18, 150, 418, 150
-1,0, -18, 150, 418, 150
-1,0, 200, 150, 199, 150
-1,0, -18, 150, 418, 150
-1,0, -17, 150, 417, 150
-1,0, 200, 150, 199, 150
-1,0, 196, 150, 203, 150
-1,0, 200, 150, 199, 150
-1,0, 200, 150, 199, 150
-1,0, 201, 150, 198, 150
-1,0, -18, 150, 418, 150
-1,0, -18, 150, 418, 150
-1,0, 199, 150, 200, 150
-1,0, -16, 150, 416, 150
-1,0, 199, 150, 200, 150
-1,0, -18, 150, 418, 150
-1,0, 200, 150, 199, 150
-1,0, -18, 150, 418, 150
-1,0, 199, 150, 200, 150
-1,0, 200, 150, 199, 150
-1,0, -18, 150, 418, 150
-1,0, 198, 150, 201, 150
-1,0, -16, 150, 416, 150
-1,0, 199, 150, 200, 150
-1,0, -19, 150, 419, 150
-1,0, 199, 150, 200, 150
-1,0, 201, 150, 198, 150
-1,0, -16, 150, 416, 150
-1,0, 198, 150, 201, 150
-1,0, 202, 150, 197, 150
-1,0, -17, 150, 417, 150
-1,0, 202, 150, 197, 150
-1,0, 198, 150, 201, 150
-1,0, -16, 150, 416, 150
-1,0, 200, 150, 200, 150
-1,0, 200, 150, 199, 150
-1,0, -16, 150, 416, 150
-1,0, 199, 150, 200, 150
-1,0, 199, 150, 200, 150
-1,0, 199, 150, 200, 150
-1,0, 198, 150, 202, 150
-1,0, 199, 150, 200, 150
-1,0, 198, 150, 201, 150
-1,0, 198, 150, 201, 150
-1,0, 199, 150, 200, 150
-1,0, 200, 150, 199, 150
-1,0, 202, 150, 197, 150
-1,0, 156, 150, 244, 150
-1,0, 158, 150, 242, 150
-1,0, 158, 150, 242, 150
-1,0, 158, 150, 242, 150
-1,0, 157, 150, 242, 150
-1,0, 154, 150, 245, 150
-1,0, 158, 150, 241, 150
-1,0, 157, 150, 242, 150
-1,0, 158, 150, 241, 150
0,1, 156, 301, 243, -1
0,1, 160, 355, 239, -55
0,1, -12, 404, 412, -104
0,1, -13, 387, 413, -87
0,1, -13, 451, 413, -151
0,1, -17, 618, 417, -318
0,1, 198, 567, 201, -267
0,1, 201, 600, 198, -300
0,1, 199, 600, 200, -300
0,1, 199, 600, 200, -300
0,1, 199, 600, 200, -300
0,1, 201, 600, 198, -300
0,1, 201, 600, 198, -300
0,1, 201, 600, 198, -300
0,1, 200, 600, 199, -300
0,1, 198, 600, 201, -300
0,1, 200, 600, 200, -300
0,1, 201, 600, 198, -300
0,1, 199, 600, 200, -300
0,1, 201, 600, 198, -300
0,1, 200, 600, 199, -300
0,1, 200, 518, 200, -218
0,1, 198, 435, 201, -135
0,1, 200, 386, 200, -86
0,1, 198, 361, 201, -61
0,1, 201, 194, 198, 106
0,1, 200, 203, 200, 97
0,1, 199, 197, 200, 103
0,1, 200, 209, 199, 91
0,1, 199, 213, 200, 87
0,1, 199, 218, 200, 82
0,1, 199, 222, 200, 78
0,1, 200, 223, 200, 77
0,1, 200, 223, 199, 77
0,1, 199, 230, 200, 70
0,1, 201, 234, 198, 66
0,1, 200, 234, 199, 66
0,1, 201, 233, 198, 67
0,1, 198, 236, 201, 64
0,1, 199, 237, 200, 63
0,1, 200, 234, 199, 66
0,1, 199, 234, 200, 66
0,1, 200, 232, 199, 68
0,1, 200, 230, 200, 70
0,1, 200, 229, 200, 71
0,1, 200, 226, 200, 74
0,1, 200, 223, 199, 77
0,1, 199, 224, 200, 76
0,1, 202, 217, 198, 83
0,1, 200, 218, 200, 82
0,1, 200, 208, 199, 92
0,1, 199, 205, 200, 95
0,1, 202, 193, 197, 107
0,1, 198, 188, 201, 112
0,1, 198, 183, 201, 117
0,1, 198, 184, 201, 116
0,1, 201, 170, 198, 130
0,1, 199, 170, 200, 130
0,1, 198, 0, 201, 300
0,1, 197, 0, 202, 300
0,1, 200, 0, 199, 300
0,1, 200, 167, 199, 133
0,1, 202, 0, 198, 300
0,1, 200, 0, 200, 300
0,1, 202, 0, 198, 300
0,1, 200, 159, 200, 141
0,1, 197, 0, 202, 300
0,1, 199, 0, 200, 300
0,1, 201, 0, 198, 300
0,1, 200, 167, 199, 133
0,1, 201, 0, 198, 300
0,1, 200, 19, 200, 281
0,1, 198, 82, 201, 218
0,1, 197, 35, 202, 265
0,1, 197, 53, 202, 247
0,1, 198, 50, 201, 250
0,1, 199, 53, 200, 247
0,1, 200, 53, 200, 247
0,1, 200, 45, 199, 255
0,1, 200, 49, 199, 251
0,1, 202, 55, 197, 245
0,1, 199, 52, 200, 248
0,1, 200, 56, 199, 244
0,1, 200, 57, 199, 243
0,1, 198, 51, 201, 249
0,1, 201, 51, 198, 249
0,1, 199, 45, 200, 255
0,1, 198, 49, 201, 251
0,1, 200, 53, 199, 247
0,1, 201, 57, 198, 243
0,1, 201, 49, 198, 251
0,1, 200, 55, 199, 245
0,1, 200, 49, 199, 251
0,1, 199, 58, 200, 242
0,1, 200, 52, 199, 248
0,1, 197, 48, 202, 252
0,1, 200, 49, 199, 251
0,1, 201, 54, 198, 246
0,1, 200, 56, 199, 244
0,1, 199, 55, 200, 245
0,1, 200, 58, 200, 242
0,1, 199, 41, 200, 259
0,1, 197, 49, 202, 251
0,1, 199, 51, 200, 249
0,1, 201, 48, 198, 252
0,1, 198, 54, 201, 246
0,1, 202, 45, 197, 255
0,1, 201, 46, 198, 254
0,1, 201, 52, 198, 248
0,1, 199, 49, 200, 251
0,1, 199, 56, 200, 244
0,1, 200, 57, 199, 243
0,1, 201, 56, 198, 244
0,1, 202, 56, 198, 244
0,1, 200, 52, 200, 248
0,1, 200, 55, 200, 245
0,1, 201, 50, 198, 250
0,1, 198, 51, 201, 249
0,1, 200, 50, 199, 250
0,1, 199, 55, 200, 245
0,1, 200, 59, 199, 241
0,1, 200, 54, 199, 246
0,1, 200, 52, 199, 248
0,1, 200, 55, 199, 245
0,1, 201, 48, 198, 252
0,1, 201, 55, 198, 245
0,1, 200, 52, 199, 248
0,1, 200, 56, 200, 244
0,1, 200, 50, 200, 250
0,1, 200, 52, 199, 248
0,1, 202, 50, 198, 250
0,1, 200, 58, 200, 242
0,1, 198, 55, 201, 245
0,1, 201, 55, 198, 245
0,1, 197, 51, 202, 249
0,1, 199, 46, 200, 254
0,1, 201, 55, 198, 245
0,1, 199, 54, 200, 246
0,1, 200, 49, 199, 251
0,1, 200, 50, 199, 250
0,1, 200, 47, 200, 253
0,1, 200, 57, 199, 243
0,1, 200, 46, 199, 254
0,1, 200, 47, 200, 253
0,1, 198, 48, 201, 252
0,1, 200, 46, 200, 254
0,1, 199, 53, 200, 247
0,1, 198, 48, 202, 252
0,1, 199, 52, 200, 248
0,1, 201, 60, 198, 240
0,1, 199, 50, 200, 250
0,1, 198, 55, 201, 245
0,1, 197, 48, 202, 252
0,1, 198, 50, 201, 250
0,1, 201, 60, 198, 240
0,1, 200, 51, 200, 249
0,1, 200, 51, 199, 249
0,1, 198, 53, 201, 247
0,1, 199, 49, 200, 251
0,1, 199, 48, 200, 252
0,1, 200, 53, 200, 247
0,1, 199, 55, 200, 245
0,1, 201, 46, 198, 254
0,1, 200, 51, 200, 249
0,1, 200, 57, 200, 243
0,1, 200, 56, 199, 244
0,1, 198, 44, 202, 256
0,1, 200, 47, 199, 253
0,1, 200, 47, 199, 253
0,1, 199, 56, 200, 244
0,1, 199, 58, 200, 242
0,1, 234, 51, 165, 249
0,1, 233, 53, 166, 247
0,1, 200, 45, 200, 255
0,1, 202, 51, 197, 249
0,1, 200, 56, 199, 244
0,1, 200, 49, 199, 251
0,1, 199, 55, 200, 245
0,1, 200, 59, 199, 241
0,1, 200, 49, 199, 251
0,1, 200, 49, 199, 251
0,1, 198, 47, 201, 253
0,1, 232, 48, 167, 252
0,1, 234, 52, 166, 248
0,1, 234, 52, 166, 248
0,1, 234, 56, 165, 244
0,1, 233, 47, 166, 253
0,1, 232, 49, 167, 251
0,1, 235, 52, 164, 248
0,1, 236, 49, 163, 251
0,1, 180, 70, 219, 230
0,1, 181, 76, 218, 224
0,1, 184, 79, 216, 221
0,1, 182, 91, 218, 209
0,1, 234, 92, 166, 208
0,1, 233, 91, 166, 209
0,1, 235, 107, 164, 193
0,1, 234, 119, 165, 181
0,1, 234, 116, 166, 184
0,1, 235, 141, 164, 159
0,1, 235, 132, 164, 168
0,1, 222, 140, 177, 160
0,1, 201, 141, 198, 159
0,1, 220, 161, 179, 139
0,1, 235, 191, 164, 109
0,1, 231, 188, 168, 112
0,1, 232, 189, 168, 111
0,1, 237, 201, 162, 99
0,1, 232, 200, 167, 100
0,1, 233, 204, 166, 96
0,1, 233, 199, 166, 101
0,1, 236, 207, 164, 93
0,1, 229, 197, 170, 103
0,1, 228, 210, 171, 90
0,1, 231, 137, 168, 163
0,1, 200, 140, 199, 160
0,1, 199, 142, 200, 158
0,1, 202, 155, 198, 145
0,1, 202, 155, 198, 145
0,1, 201, 167, 198, 133
0,1, 200, 166, 199, 134
0,1, 200, 168, 200, 132
0,1, 201, 180, 198, 120
0,1, 201, 169, 198, 131
0,1, 201, 184, 198, 116
0,1, 200, 185, 199, 115
0,1, 199, 187, 200, 113
0,1, 200, 182, 200, 118
0,1, 199, 187, 200, 113
0,1, 202, 193, 197, 107
0,1, 200, 207, 200, 93
0,1, 200, 206, 199, 94
0,1, 199, 207, 200, 93
0,1, 201, 211, 198, 89
0,1, 201, 212, 198, 88
0,1, 197, 222, 202, 78
0,1, 200, 215, 199, 85
0,1, 199, 221, 200, 79
0,1, 199, 217, 200, 83
0,1, 200, 216, 199, 84
0,1, 199, 218, 200, 82
0,1, 199, 220, 200, 80
0,1, 199, 218, 200, 82
0,1, 200, 215, 199, 85
0,1, 198, 217, 201, 83
0,1, 198, 213, 201, 87
0,1, 201, 214, 198, 86
0,1, 199, 213, 200, 87
0,1, 199, 209, 200, 91
0,1, 200, 205, 199, 95
0,1, 200, 199, 199, 101
0,1, 199, 199, 200, 101
0,1, 200, 196, 199, 104
0,1, 200, 0, 200, 300
0,1, 200, 0, 199, 300
0,1, 201, 192, 198, 108
0,1, 200, 0, 199, 300
0,1, 199, 0, 200, 300
0,1, 203, 0, 196, 300
0,1, 201, 0, 198, 300
0,1, 200, 184, 199, 116
0,1, 200, 0, 199, 300
0,1, 200, 0, 200, 300
0,1, 200, 105, 199, 195
0,1, 199, 16, 200, 284
0,1, 202, 46, 197, 254
0,1, 202, 58, 198, 242
0,1, 199, 52, 200, 248
0,1, 199, 49, 200, 251
0,1, 200, 47, 199, 253
0,1, 201, 45, 198, 255
0,1, 200, 48, 199, 252
0,1, 199, 49, 200, 251
0,1, 200, 57, 200, 243
0,1, 198, 65, 201, 235
0,1, 200, 47, 200, 253
0,1, 200, 48, 199, 252
0,1, 199, 56, 200, 244
0,1, 200, 51, 200, 249
0,1, 200, 61, 200, 239
0,1, 200, 57, 199, 243
0,1, 200, 51, 200, 249
0,1, 201, 50, 198, 250
0,1, 200, 51, 199, 249
0,1, 200, 49, 200, 251
0,1, 200, 57, 199, 243
0,1, 198, 56, 201, 244
0,1, 200, 42, 200, 258
0,1, 200, 56, 200, 244
0,1, 200, 54, 200, 246
0,1, 200, 49, 200, 251
0,1, 201, 49, 198, 251
0,1, 200, 47, 199, 253
0,1, 200, 46, 200, 254
0,1, 199, 52, 200, 248
0,1, 198, 54, 201, 246
0,1, 200, 54, 200, 246
0,1, 243, 50, 156, 250
0,1, 243, 44, 156, 256
0,1, 246, 41, 153, 259
0,1, 244, 59, 155, 241
0,1, 417, 44, -17, 256
0,1, 409, 43, -9, 257
0,1, 411, 12, -11, 288
0,1, 412, 0, -12, 300
0,1, 416, 0, -16, 300
0,1, 416, 0, -16, 300
0,1, 199, 0, 200, 300
0,1, 201, 0, 198, 300
0,1, 198, 0, 201, 300
0,1, 200, 0, 199, 300
0,1, 200, 0, 199, 300
0,1, 200, 0, 199, 300
0,1, 200, 0, 199, 300
0,1, 178, 0, 221, 300
0,1, 393, 0, 6, 300
0,1, 395, 0, 4, 300
-1,0, 410, 150, -10, 150
-1,0, 412, 150, -12, 150
-1,0, 413, 150, -13, 150
-1,0, 414, 150, -14, 150
-1,0, 417, 150, -17, 150
-1,0, 410, 150, -10, 150
-1,0, 412, 150, -12, 150
-1,0, 414, 150, -14, 150
-1,0, 416, 150, -16, 150
-1,0, 416, 150, -16, 150
-1,0, 418, 150, -18, 150
-1,0, 416, 150, -16, 150
-1,0, 418, 150, -18, 150
-1,0, 417, 150, -17, 150
-1,0, 418, 150, -18, 150
-1,0, 416, 150, -16, 150
-1,0, 418, 150, -18, 150
-1,0, 416, 150, -16, 150
-1,0, 417, 150, -17, 150
-1,0, 419, 150, -19, 150
-1,0, 418, 150, -18, 150
-1,0, 418, 150, -18, 150
-1,0, 419, 150, -19, 150
-1,0, 417, 150, -17, 150
-1,0, 416, 150, -16, 150
-1,0, 417, 150, -17, 150
-1,0, 418, 150, -18, 150
-1,0, 418, 150, -18, 150
-1,0, 417, 150, -17, 150
-1,0, 417, 150, -17, 150
-1,0, 417, 150, -17, 150
-1,0, 199, 150, 200, 150
-1,0, 416, 150, -16, 150
-1,0, 201, 150, 198, 150
-1,0, 417, 150, -17, 150
-1,0, 202, 150, 198, 150
-1,0, 200, 150, 199, 150
-1,0, 200, 150, 199, 150
-1,0, 198, 150, 201, 150
-1,0, 201, 150, 198, 150
-1,0, 418, 150, -18, 150
-1,0, 199, 150, 200, 150
-1,0, 419, 150, -19, 150
-1,0, 199, 150, 200, 150
-1,0, 417, 150, -17, 150
-1,0, 200, 150, 199, 150
-1,0, 418, 150, -18, 150
-1,0, 200, 150, 199, 150
-1,0, 199, 150, 200, 150
-1,0, 417, 150, -17, 150
-1,0, 198, 150, 201, 150
-1,0, 417, 150, -17, 150
-1,0, 198, 150, 202, 150
-1,0, 199, 150, 200, 150
-1,0, 416, 150, -16, 150
-1,0, 200, 150, 199, 150
-1,0, 201, 150, 198, 150
-1,0, 200, 150, 200, 150
-1,0, 200, 150, 199, 150
-1,0, 199, 150, 200, 150
-1,0, 200, 150, 199, 150
-1,0, 201, 150, 198, 150
-1,0, 201, 150, 198, 150
-1,0, 417, 150, -17, 150
-1,0, 198, 150, 201, 150
-1,0, 197, 150, 202, 150
-1,0, 419, 150, -19, 150
-1,0, 198, 150, 201, 150
-1,0, 199, 150, 200, 150
-1,0, 415, 150, -15, 150
-1,0, 200, 150, 199, 150
-1,0, 202, 150, 197, 150
-1,0, 201, 150, 198, 150
-1,0, 418, 150, -18, 150
-1,0, 200, 150, 200, 150
-1,0, 199, 150, 200, 150
-1,0, 198, 150, 201, 150
-1,0, 418, 150, -18, 150
-1,0, 200, 150, 200, 150
-1,0, 201, 150, 198, 150
-1,0, 199, 150, 200, 150
-1,0, 201, 150, 198, 150
-1,0, 416, 150, -16, 150
-1,0, 202, 150, 198, 150
-1,0, 199, 150, 200, 150
-1,0, 200, 150, 199, 150
-1,0, 201, 150, 198, 150
-1,0, 418, 150, -18, 150
-1,0, 200, 150, 199, 150
-1,0, 199, 150, 200, 150
-1,0, 200, 150, 199, 150
-1,0, 200, 150, 199, 150
-1,0, 201, 150, 198, 150
-1,0, 200, 150, 199, 150
-1,0, 418, 150, -18, 150
-1,0, 200, 150, 199, 150
-1,0, 200, 150, 199, 150
-1,0, 200, 150, 199, 150
-1,0, 200, 150, 200, 150
-1,0, 201, 150, 198, 150
-1,0, 200, 150, 199, 150
-1,0, 416, 150, -16, 150
-1,0, 198, 150, 201, 150
-1,0, 202, 150, 197, 150
-1,0, 201, 150, 198, 150
-1,0, 200, 150, 199, 150
-1,0, 198, 150, 201, 150
-1,0, 199, 150, 200, 150
-1,0, 211, 150, 188, 150
-1,0, 214, 150, 185, 150
-1,0, 416, 150, -16, 150
-1,0, 418, 150, -18, 150
-1,0, 199, 150, 200, 150
-1,0, 199, 150, 200, 150
-1,0, 418, 150, -18, 150
-1,0, 417, 150, -17, 150
-1,0, 201, 150, 198, 150
-1,0, 199, 150, 200, 150
-1,0, 200, 150, 200, 150
-1,0, 199, 150, 200, 150
-1,0, 200, 150, 199, 150
-1,0, 200, 150, 200, 150
-1,0, 198, 150, 202, 150
-1,0, 199, 150, 200, 150
-1,0, 199, 150, 200, 150
-1,0, 199, 150, 200, 150
-1,0, 201, 150, 198, 150
-1,0, 200, 150, 199, 150
-1,0, 199, 150, 200, 150
-1,0, 244, 150, 156, 150
-1,0, 242, 150, 157, 150
-1,0, 244, 150, 155, 150
-1,0, 242, 150, 158, 150
-1,0, 241, 150, 158, 150
-1,0, 240, 150, 159, 150
1,1, 241, 14, 158, 286
1,1, 238, 150, 161, 150
1,1, 241, 150, 158, 150
1,1, 242, 150, 157, 150
1,1, 240, 150, 159, 150
1,1, 241, 150, 158, 150
1,1, 244, 150, 156, 150
1,1, 243, 150, 156, 150
1,1, 243, 150, 156, 150
1,1, 242, 150, 157, 150
1,1, 243, 150, 156, 150
1,1, 244, 150, 156, 150
1,1, 244, 150, 156, 150
1,1, 240, 150, 159, 150
1,1, 243, 150, 156, 150
1,1, 242, 150, 157, 150
1,1, 243, 150, 156, 150
1,1, 239, 150, 160, 150
1,1, 209, 300, 190, 0
1,1, 208, 300, 191, 0
1,1, 200, 300, 200, 0
1,1, 200, 300, 200, 0
1,1, 200, 300, 200, 0
1,1, 200, 300, 200, 0
1,1, 202, 300, 198, 0
1,1, 200, 300, 199, 0
1,1, 202, 300, 198, 0
1,1, 199, 300, 200, 0
1,1, 200, 300, 199, 0
1,1, 198, 300, 201, 0
1,1, 199, 300, 200, 0
1,1, 200, 300, 199, 0
1,1, 200, 300, 200, 0
1,1, 201, 300, 198, 0
1,1, 158, 300, 242, 0
1,1, 156, 300, 244, 0
1,1, -16, 300, 416, 0
1,1, -17, 300, 417, 0
1,1, 97, 300, 302, 0
1,1, 96, 300, 303, 0
1,1, 198, 300, 201, 0
1,1, 201, 300, 198, 0
1,1, 200, 300, 200, 0
1,1, 201, 300, 198, 0
1,1, 198, 300, 202, 0
1,1, 200, 300, 200, 0
1,1, 199, 300, 200, 0
1,1, 200, 300, 200, 0
1,1, 200, 300, 199, 0
1,1, 199, 300, 200, 0
1,1, 200, 300, 199, 0
1,1, 200, 300, 200, 0
1,1, 200, 300, 199, 0
1,1, 199, 300, 200, 0
1,1, 198, 300, 201, 0
1,1, 196, 300, 203, 0
1,1, 199, 300, 200, 0
1,1, 199, 300, 200, 0
1,1, 198, 300, 201, 0
1,1, 93, 300, 306, 0
1,1, 94, 300, 305, 0
1,1, 198, 300, 201, 0
1,1, 198, 300, 201, 0
1,1, 202, 300, 198, 0
1,1, 200, 300, 200, 0
1,1, 202, 300, 198, 0
1,1, 198, 300, 201, 0
1,1, 200, 300, 199, 0
1,1, 198, 300, 202, 0
1,1, 200, 300, 199, 0
1,1, 200, 300, 199, 0
1,1, 200, 300, 199, 0
1,1, 198, 300, 201, 0
1,1, 202, 300, 198, 0
1,1, 199, 300, 200, 0
1,1, 200, 300, 199, 0
1,1, 200, 300, 199, 0
1,1, 201, 300, 198, 0
1,1, 200, 300, 200, 0
1,1, 199, 300, 200, 0
1,1, 199, 300, 200, 0
1,1, 202, 300, 197, 0
1,1, 200, 300, 199, 0
1,1, 198, 300, 201, 0
1,1, 200, 300, 199, 0
1,1, 201, 300, 198, 0
1,1, 202, 300, 197, 0
1,1, 201, 300, 198, 0
1,1, 200, 300, 200, 0
1,1, 199, 300, 200, 0
1,1, 199, 300, 200, 0
1,1, 200, 300, 199, 0
1,1, 200, 300, 200, 0
1,1, 200, 300, 200, 0
1,1, 200, 300, 199, 0
1,1, 199, 300, 200, 0
1,1, 200, 300, 199, 0
1,1, 199, 300, 200, 0
1,1, 200, 300, 199, 0
1,1, 200, 300, 200, 0
1,1, 199, 300, 200, 0
1,1, 200, 300, 199, 0
1,1, 199, 300, 200, 0
1,1, 198, 300, 201, 0
1,1, 198, 300, 201, 0
1,1, 202, 300, 198, 0
1,1, 202, 300, 197, 0
1,1, 202, 300, 197, 0
1,1, 199, 300, 200, 0
1,1, 202, 300, 197, 0
1,1, 200, 300, 199, 0
1,1, 201, 300, 198, 0
1,1, 202, 300, 197, 0
1,1, 201, 300, 198, 0
1,1, 200, 300, 199, 0
1,1, 202, 300, 198, 0
1,1, 201, 300, 198, 0
1,1, 199, 300, 200, 0
1,1, 199, 300, 200, 0
1,1, 200, 300, 200, 0
1,1, 201, 300, 198, 0
1,1, 200, 300, 200, 0
1,1, 202, 300, 198, 0
1,1, 201, 300, 198, 0
1,1, 198, 300, 201, 0
1,1, 198, 300, 201, 0
1,1, 200, 300, 199, 0
1,1, 199, 300, 200, 0
1,1, 201, 300, 198, 0
1,1, 199, 300, 200, 0
1,1, 200, 300, 199, 0
1,1, 200, 300, 200, 0
1,1, 198, 300, 201, 0
1,1, 200, 300, 200, 0
1,1, 200, 300, 200, 0
1,1, 201, 300, 198, 0
1,1, 201, 300, 198, 0
1,1, 199, 300, 200, 0
1,1, 199, 300, 200, 0
1,1, 200, 300, 199, 0
1,1, 199, 300, 200, 0
1,1, 201, 300, 198, 0
1,1, 199, 300, 200, 0
1,1, 199, 300, 200, 0
1,1, 198, 300, 201, 0
1,1, 202, 300, 197, 0
1,1, 201, 300, 198, 0
1,1, 201, 300, 198, 0
1,1, 199, 300, 200, 0
1,1, 200, 300, 199, 0
1,1, 201, 300, 198, 0
1,1, 200, 300, 199, 0
1,1, 201, 300, 198, 0
1,1, 199, 300, 200, 0
1,1, 200, 300, 199, 0
1,1, 200, 300, 199, 0
1,1, 200, 300, 200, 0
1,1, 199, 300, 200, 0
1,1, 199, 300, 200, 0
1,1, 199, 300, 200, 0
1,1, 199, 300, 200, 0
1,1, 200, 300, 200, 0
1,1, 199, 300, 200, 0
1,1, 199, 300, 200, 0
1,1, 200, 300, 199, 0
1,1, 201, 300, 198, 0
1,1, 199, 300, 200, 0
1,1, 417, 300, -17, 0
1,1, 417, 300, -17, 0
1,1, 416, 300, -16, 0
1,1, 419, 300, -19, 0
1,1, 417, 300, -17, 0
1,1, 418, 300, -18, 0
1,1, 418, 300, -18, 0
1,1, 416, 300, -16, 0
1,1, 418, 300, -18, 0
1,1, 416, 300, -16, 0
1,1, 418, 300, -18, 0
1,1, 417, 300, -17, 0
1,1, 416, 300, -16, 0
1,1, 418, 300, -18, 0
1,1, 416, 300, -16, 0
1,1, 416, 300, -16, 0
1,1, 417, 300, -17, 0
1,1, 416, 300, -16, 0
1,1, 414, 300, -14, 0
1,1, 419, 300, -19, 0
1,1, 417, 300, -17, 0
1,1, 415, 300, -15, 0
1,1, 200, 300, 200, 0
1,1, 200, 300, 199, 0
-1,0, 413, 150, -13, 150
-1,0, 415, 150, -15, 150
-1,0, 413, 150, -13, 150
-1,0, 415, 150, -15, 150
-1,0, 414, 150, -14, 150
-1,0, 415, 150, -15, 150
-1,0, 416, 150, -16, 150
-1,0, 200, 150, 200, 150
-1,0, 202, 150, 197, 150
-1,0, 198, 150, 201, 150
-1,0, 198, 150, 202, 150
-1,0, 199, 150, 200, 150
-1,0, 198, 150, 202, 150
-1,0, 198, 150, 201, 150
-1,0, 418, 150, -18, 150
-1,0, 198, 150, 201, 150
-1,0, 364, 150, 35, 150
-1,0, 365, 150, 34, 150
-1,0, 201, 150, 198, 150
-1,0, 199, 150, 200, 150
-1,0, 199, 150, 200, 150
-1,0, 200, 150, 199, 150
-1,0, 198, 150, 201, 150
-1,0, 200, 150, 199, 150
-1,0, 199, 150, 200, 150
-1,0, 200, 150, 199, 150
-1,0, 198, 150, 201, 150
-1,0, 201, 150, 198, 150
-1,0, 200, 150, 199, 150
-1,0, 198, 150, 201, 150
-1,0, 200, 150, 200, 150
-1,0, 217, 150, 182, 150
-1,0, 217, 150, 182, 150
-1,0, 217, 150, 182, 150
-1,0, 416, 150, -16, 150
-1,0, 417, 150, -17, 150
-1,0, 204, 150, 195, 150
-1,0, 243, 150, 156, 150
-1,0, 242, 150, 158, 150
-1,0, 242, 150, 157, 150
-1,0, 243, 150, 156, 150
-1,0, 242, 150, 157, 150
-1,0, 242, 150, 158, 150
-1,0, 200, 150, 200, 150
-1,0, 198, 150, 201, 150
-1,0, 201, 150, 198, 150
-1,0, 199, 150, 200, 150
-1,0, 199, 150, 200, 150
-1,0, 200, 150, 199, 150
-1,0, 199, 150, 200, 150
-1,0, 200, 150, 199, 150
-1,0, 200, 150, 199, 150
-1,0, 200, 150, 199, 150
-1,0, 199, 150, 200, 150
-1,0, 199, 150, 200, 150
-1,0, 197, 150, 202, 150
-1,0, 200, 150, 200, 150
-1,0, 201, 150, 198, 150
-1,0, 200, 150, 200, 150
-1,0, 200, 150, 199, 150
-1,0, 200, 150, 200, 150
-1,0, 200, 150, 199, 150
-1,0, 202, 150, 197, 150
-1,0, 200, 150, 200, 150
-1,0, 200, 150, 199, 150
-1,0, 198, 150, 201, 150
-1,0, 241, 150, 158, 150
-1,0, 244, 150, 155, 150
-1,0, 199, 150, 200, 150
-1,0, 198, 150, 201, 150
-1,0, 202, 150, 197, 150
-1,0, 200, 150, 200, 150
-1,0, 202, 150, 198, 150
-1,0, 216, 150, 183, 150
-1,0, 217, 150, 182, 150
-1,0, 416, 150, -16, 150
-1,0, 200, 150, 200, 150
-1,0, 200, 150, 199, 150
-1,0, 199, 150, 200, 150
-1,0, 200, 150, 200, 150
-1,0, 201, 150, 198, 150
-1,0, 200, 150, 200, 150
-1,0, 258, 150, 141, 150
-1,0, 258, 150, 142, 150
-1,0, 416, 150, -16, 150
-1,0, 200, 150, 199, 150
-1,0, 197, 150, 202, 150
-1,0, 417, 150, -17, 150
-1,0, 218, 150, 181, 150
-1,0, 217, 150, 182, 150
-1,0, 416, 150, -16, 150
-1,0, 417, 150, -17, 150
-1,0, 198, 150, 201, 150
-1,0, 198, 150, 201, 150
-1,0, 254, 150, 146, 150
-1,0, 256, 150, 143, 150
-1,0, 388, 150, 11, 150
-1,0, 388, 150, 12, 150
-1,0, 200, 150, 199, 150
-1,0, 198, 150, 201, 150
-1,0, 241, 150, 158, 150
-1,0, 242, 150, 158, 150
-1,0, 200, 150, 200, 150
-1,0, 200, 150, 199, 150
-1,0, 200, 150, 199, 150
-1,0, 198, 150, 201, 150
-1,0, 198, 150, 201, 150
-1,0, 255, 150, 144, 150
-1,0, 198, 150, 201, 150
-1,0, 199, 150, 200, 150
-1,0, 200, 150, 200, 150
-1,0, 199, 150, 200, 150
-1,0, 219, 150, 180, 150
-1,0, 217, 150, 182, 150
-1,0, 198, 150, 202, 150
-1,0, 416, 150, -16, 150
-1,0, 416, 150, -16, 150
-1,0, 200, 150, 199, 150
-1,0, 200, 150, 199, 150
-1,0, 398, 150, 1, 150
-1,0, 199, 150, 200, 150
-1,0, 199, 150, 200, 150
-1,0, 417, 150, -17, 150
-1,0, 202, 150, 197, 150
-1,0, 199, 150, 200, 150
-1,0, 200, 150, 200, 150
-1,0, 199, 150, 200, 150
-1,0, 201, 150, 198, 150
-1,0, 200, 150, 199, 150
-1,0, 201, 150, 198, 150
-1,0, 216, 150, 183, 150
-1,0, 199, 150, 200, 150
-1,0, 202, 150, 197, 150
-1,0, 202, 150, 197, 150
-1,0, 202, 150, 197, 150
-1,0, 196, 150, 203, 150
-1,0, 199, 150, 200, 150
-1,0, 199, 150, 200, 150
-1,0, 330, 150, 69, 150
-1,0, 201, 150, 198, 150
-1,0, 197, 150, 202, 150
-1,0, 199, 150, 200, 150
-1,0, 200, 150, 200, 150
-1,0, 198, 150, 201, 150
-1,0, 200, 150, 199, 150
-1,0, 200, 150, 200, 150
-1,0, 202, 150, 198, 150
-1,0, 201, 150, 198, 150
-1,0, 199, 150, 200, 150
-1,0, 202, 150, 197, 150
-1,0, 198, 150, 201, 150
-1,0, 416, 150, -16, 150
-1,0, 418, 150, -18, 150
-1,0, 417, 150, -17, 150
-1,0, 201, 150, 198, 150
-1,0, 200, 150, 199, 150
-1,0, 199, 150, 200, 150
-1,0, 416, 150, -16, 150
-1,0, 218, 150, 182, 150
-1,0, 218, 150, 182, 150
-1,0, 217, 150, 182, 150
-1,0, 242, 150, 157, 150
-1,0, 241, 150, 158, 150
-1,0, 121, 150, 278, 150
-1,0, 298, 150, 101, 150
-1,0, 417, 150, -17, 150
-1,0, 215, 150, 184, 150
-1,0, 216, 150, 183, 150
-1,0, 217, 150, 182, 150
-1,0, 418, 150, -18, 150
-1,0, 416, 150, -16, 150
-1,0, 200, 150, 200, 150
-1,0, 417, 150, -17, 150
-1,0, 417, 150, -17, 150
-1,0, 145, 150, 254, 150
-1,0, 361, 150, 38, 150
-1,0, 417, 150, -17, 150
-1,0, 417, 150, -17, 150
-1,0, 200, 150, 200, 150
-1,0, 416, 150, -16, 150
-1,0, 415, 150, -15, 150
-1,0, 200, 150, 199, 150
-1,0, 418, 150, -18, 150
-1,0, 200, 150, 199, 150
-1,0, 416, 150, -16, 150
-1,0, 200, 150, 200, 150
-1,0, 201, 150, 198, 150
-1,0, 417, 150, -17, 150
-1,0, 200, 150, 199, 150
-1,0, 417, 150, -17, 150
-1,0, 198, 150, 201, 150
-1,0, 416, 150, -16, 150
-1,0, 200, 150, 200, 150
-1,0, 199, 150, 200, 150
-1,0, 420, 150, -20, 150
-1,0, 203, 150, 196, 150
-1,0, 201, 150, 198, 150
-1,0, 417, 150, -17, 150
-1,0, 200, 150, 200, 150
-1,0, 201, 150, 198, 150
-1,0, 416, 150, -16, 150
-1,0, 199, 150, 200, 150
-1,0, 200, 150, 200, 150
-1,0, 416, 150, -16, 150
-1,0, 200, 150, 199, 150
-1,0, 198, 150, 201, 150
-1,0, 418, 150, -18, 150
-1,0, 199, 150, 200, 150
-1,0, 199, 150, 200, 150
-1,0, 198, 150, 202, 150
-1,0, 417, 150, -17, 150
-1,0, 200, 150, 199, 150
-1,0, 201, 150, 198, 150
-1,0, 200, 150, 200, 150
-1,0, 352, 150, 48, 150
-1,0, 199, 150, 200, 150
-1,0, 199, 150, 200, 150
-1,0, 202, 150, 198, 150
-1,0, 199, 150, 200, 150
-1,0, 200, 150, 199, 150
-1,0, 201, 150, 198, 150
-1,0, 197, 150, 202, 150
-1,0, 199, 150, 200, 150
-1,0, 199, 150, 200, 150
-1,0, 200, 150, 200, 150
-1,0, 199, 150, 200, 150
-1,0, 244, 150, 156, 150
-1,0, 242, 150, 157, 150
-1,0, 242, 150, 158, 150
-1,0, 241, 150, 158, 150
-1,0, 241, 150, 158, 150
-1,0, 244, 150, 156, 150
-1,0, 240, 150, 159, 150
-1,0, 244, 150, 156, 150
-1,0, 243, 150, 156, 150
-1,0, 242, 150, 158, 150
-1,0, 242, 150, 158, 150
-1,0, 218, 150, 181, 150
-1,0, 218, 150, 181, 150
-1,0, 138, 150, 262, 150
-1,0, 138, 150, 262, 150
-1,0, 137, 150, 262, 150
-1,0, 241, 150, 158, 150
-1,0, 244, 150, 155, 150
-1,0, 243, 150, 156, 150
-1,0, 242, 150, 158, 150
-1,0, 241, 150, 158, 150
-1,0, 242, 150, 157, 150
-1,0, 242, 150, 157, 150
-1,0, 242, 150, 157, 150
-1,0, 242, 150, 157, 150
-1,0, 240, 150, 159, 150
-1,0, 242, 150, 157, 150
-1,0, 242, 150, 157, 150
-1,0, 240, 150, 159, 150
-1,0, 242, 150, 158, 150
-1,0, 242, 150, 157, 150
-1,0, 243, 150, 156, 150
-1,0, 242, 150, 157, 150
-1,0, 242, 150, 158, 150
-1,0, 241, 150, 158, 150
-1,0, 244, 150, 155, 150
-1,0, 244, 150, 156, 150
-1,0, 243, 150, 156, 150
-1,0, 242, 150, 157, 150
-1,0, 242, 150, 158, 150
-1,0, 200, 150, 199, 150
-1,0, 241, 150, 158, 150
-1,0, 201, 150, 198, 150
-1,0, 199, 150, 200, 150
-1,0, 199, 150, 200, 150
-1,0, 240, 150, 159, 150
-1,0, 198, 150, 201, 150
-1,0, 200, 150, 200, 150
-1,0, 217, 150, 182, 150
-1,0, 197, 150, 202, 150
-1,0, 200, 150, 199, 150
-1,0, 200, 150, 199, 150
-1,0, 200, 150, 200, 150
-1,0, 199, 150, 200, 150
-1,0, 201, 150, 198, 150
-1,0, 199, 150, 200, 150
-1,0, 202, 150, 198, 150
-1,0, 198, 150, 202, 150
-1,0, 202, 150, 198, 150
-1,0, 200, 150, 200, 150
-1,0, 200, 150, 199, 150
-1,0, 198, 150, 201, 150
-1,0, 200, 150, 199, 150
-1,0, 200, 150, 199, 150
-1,0, 200, 150, 199, 150
-1,0, 200, 150, 199, 150
-1,0, 201, 150, 198, 150
-1,0, 198, 150, 201, 150
-1,0, 80, 150, 319, 150
-1,0, 199, 150, 200, 150
-1,0, 199, 150, 200, 150
-1,0, 202, 150, 197, 150
-1,0, 199, 150, 200, 150
-1,0, 79, 150, 320, 150
-1,0, 79, 150, 320, 150
-1,0, 78, 150, 321, 150
-1,0, 199, 150, 200, 150
-1,0, 200, 150, 199, 150
-1,0, 80, 150, 320, 150
-1,0, 79, 150, 320, 150
-1,0, 198, 150, 201, 150
-1,0, 201, 150, 198, 150
-1,0, 416, 150, -16, 150
-1,0, 200, 150, 200, 150
-1,0, 199, 150, 200, 150
-1,0, 199, 150, 200, 150
-1,0, 200, 150, 200, 150
-1,0, 200, 150, 200, 150
-1,0, 201, 150, 198, 150
-1,0, 201, 150, 198, 150
-1,0, 200, 150, 200, 150
-1,0, 417, 150, -17, 150
-1,0, 201, 150, 198, 150
-1,0, 198, 150, 201, 150
-1,0, 199, 150, 200, 150
-1,0, 199, 150, 200, 150
-1,0, 199, 150, 200, 150
-1,0, 201, 150, 198, 150
-1,0, 198, 150, 201, 150
-1,0, 201, 150, 198, 150
-1,0, 200, 150, 199, 150
-1,0, 198, 150, 201, 150
-1,0, 217, 150, 182, 150
-1,0, 217, 150, 182, 150
-1,0, 202, 150, 198, 150
-1,0, 199, 150, 200, 150
-1,0, 202, 150, 197, 150
-1,0, 200, 150, 199, 150
-1,0, 199, 150, 200, 150
-1,0, 198, 150, 201, 150
-1,0, 200, 150, 200, 150
-1,0, 199, 150, 200, 150
-1,0, 199, 150, 200, 150
-1,0, 198, 150, 201, 150
-1,0, 198, 150, 201, 150
-1,0, 199, 150, 200, 150
-1,0, 200, 150, 200, 150
-1,0, 199, 150, 200, 150
-1,0, 197, 150, 202, 150
-1,0, 200, 150, 200, 150
-1,0, 198, 150, 201, 150
-1,0, 199, 150, 200, 150
-1,0, 200, 150, 199, 150
-1,0, 199, 150, 200, 150
-1,0, 199, 150, 200, 150
-1,0, 198, 150, 201, 150
-1,0, 415, 150, -15, 150
-1,0, 198, 150, 202, 150
-1,0, 197, 150, 202, 150
-1,0, 200, 150, 199, 150
-1,0, 200, 150, 199, 150
-1,0, 200, 150, 199, 150
-1,0, 200, 150, 199, 150
-1,0, 199, 150, 200, 150
-1,0, 200, 150, 200, 150
-1,0, 198, 150, 201, 150
-1,0, 199, 150, 200, 150
-1,0, 198, 150, 201, 150
-1,0, 198, 150, 201, 150
-1,0, 200, 150, 200, 150
-1,0, 200, 150, 200, 150
-1,0, 418, 150, -18, 150
-1,0, 198, 150, 201, 150
-1,0, 201, 150, 198, 150
-1,0, 201, 150, 198, 150
-1,0, 200, 150, 200, 150
-1,0, 199, 150, 200, 150
-1,0, 200, 150, 199, 150
-1,0, 200, 150, 200, 150
-1,0, 200, 150, 199, 150
-1,0, 200, 150, 200, 150
-1,0, 202, 150, 198, 150
-1,0, 197, 150, 202, 150
-1,0, 200, 150, 199, 150
-1,0, 199, 150, 200, 150
-1,0, 198, 150, 201, 150
-1,0, 199, 150, 200, 150
-1,0, 198, 150, 202, 150
-1,0, 200, 150, 200, 150
-1,0, 201, 150, 198, 150
-1,0, 200, 150, 199, 150
-1,0, 199, 150, 200, 150
-1,0, 202, 150, 198, 150
-1,0, 200, 150, 199, 150
-1,0, 199, 150, 200, 150
-1,0, 198, 150, 202, 150
-1,0, 286, 150, 114, 150
-1,0, 286, 150, 113, 150
-1,0, 284, 150, 116, 150
-1,0, 417, 150, -17, 150
-1,0, 285, 150, 114, 150
-1,0, 417, 150, -17, 150
-1,0, 417, 150, -17, 150
-1,0, 279, 150, 120, 150
-1,0, 278, 150, 122, 150
-1,0, 418, 150, -18, 150
-1,0, 330, 150, 70, 150
-1,0, 328, 150, 71, 150
-1,0, 284, 150, 116, 150
-1,0, 284, 150, 116, 150
-1,0, 286, 150, 114, 150
-1,0, 330, 150, 69, 150
-1,0, 331, 150, 68, 150
-1,0, 329, 150, 70, 150
-1,0, 225, 150, 174, 150
-1,0, 418, 150, -18, 150
-1,0, 417, 150, -17, 150
-1,0, 418, 150, -18, 150
-1,0, 416, 150, -16, 150
-1,0, 415, 150, -15, 150
-1,0, 416, 150, -16, 150
-1,0, 417, 150, -17, 150
-1,0, 277, 150, 122, 150
-1,0, 278, 150, 121, 150
-1,0, 417, 150, -17, 150
-1,0, 415, 150, -15, 150
-1,0, 205, 150, 194, 150
-1,0, 205, 150, 194, 150
-1,0, 198, 150, 201, 150
-1,0, 416, 150, -16, 150
-1,0, 418, 150, -18, 150
-1,0, 278, 150, 121, 150
-1,0, 278, 150, 121, 150
-1,0, 200, 150, 200, 150
-1,0, 201, 150, 198, 150
-1,0, 417, 150, -17, 150
-1,0, 417, 150, -17, 150
-1,0, 198, 150, 202, 150
-1,0, 328, 150, 71, 150
-1,0, 330, 150, 69, 150
-1,0, 199, 150, 200, 150
-1,0, 202, 150, 198, 150
-1,0, 418, 150, -18, 150
-1,0, 198, 150, 201, 150
-1,0, 199, 150, 200, 150
-1,0, 200, 150, 200, 150
-1,0, 200, 150, 199, 150
-1,0, 418, 150, -18, 150
-1,0, 417, 150, -17, 150
-1,0, 200, 150, 200, 150
-1,0, 279, 150, 120, 150
-1,0, 280, 150, 120, 150
-1,0, 200, 150, 199, 150
-1,0, 198, 150, 202, 150
-1,0, 201, 150, 198, 150
-1,0, 416, 150, -16, 150
-1,0, 199, 150, 200, 150
-1,0, 417, 150, -17, 150
-1,0, 204, 150, 196, 150
-1,0, 204, 150, 196, 150
-1,0, 199, 150, 200, 150
-1,0, 201, 150, 198, 150
-1,0, 417, 150, -17, 150
-1,0, 200, 150, 199, 150
-1,0, 208, 150, 192, 150
-1,0, 201, 150, 198, 150
-1,0, 200, 150, 199, 150
-1,0, 199, 150, 200, 150
-1,0, 201, 150, 198, 150
-1,0, 201, 150, 198, 150
-1,0, 199, 150, 200, 150
-1,0, 200, 150, 200, 150
-1,0, 418, 150, -18, 150
-1,0, 199, 150, 200, 150
-1,0, 278, 150, 121, 150
-1,0, 199, 150, 200, 150
-1,0, 200, 150, 199, 150
-1,0, 201, 150, 198, 150
-1,0, 197, 150, 202, 150
-1,0, 416, 150, -16, 150
-1,0, 201, 150, 198, 150
-1,0, 199, 150, 200, 150
-1,0, 199, 150, 200, 150
-1,0, 200, 150, 200, 150
-1,0, 186, 150, 213, 150
-1,0, 186, 150, 213, 150
-1,0, 402, 150, -2, 150
-1,0, 201, 150, 198, 150
-1,0, 418, 150, -18, 150
-1,0, 198, 150, 201, 150
-1,0, 201, 150, 198, 150
-1,0, 419, 150, -19, 150
-1,0, 200, 150, 200, 150
-1,0, 416, 150, -16, 150
-1,0, 199, 150, 200, 150
-1,0, 197, 150, 202, 150
-1,0, 200, 150, 200, 150
-1,0, 196, 150, 203, 150
-1,0, 202, 150, 197, 150
-1,0, 200, 150, 199, 150
-1,0, 201, 150, 198, 150
-1,0, 202, 150, 197, 150
-1,0, 200, 150, 200, 150
-1,0, 200, 150, 200, 150
-1,0, 199, 150, 200, 150
-1,0, 200, 150, 199, 150
-1,0, 200, 150, 199, 150
-1,0, 201, 150, 198, 150
-1,0, 200, 150, 199, 150
-1,0, 198, 150, 202, 150
-1,0, 200, 150, 200, 150
-1,0, 201, 150, 198, 150
-1,0, 197, 150, 202, 150
-1,0, 417, 150, -17, 150
-1,0, 200, 150, 199, 150
-1,0, 198, 150, 201, 150
-1,0, 416, 150, -16, 150
-1,0, 200, 150, 200, 150
-1,0, 200, 150, 199, 150
-1,0, 387, 150, 12, 150
-1,0, 201, 150, 198, 150
-1,0, 200, 150, 200, 150
-1,0, 412, 150, -12, 150
-1,0, 198, 150, 201, 150
-1,0, 406, 150, -6, 150
-1,0, 410, 150, -10, 150
-1,0, 199, 150, 200, 150
-1,0, 200, 150, 199, 150
-1,0, 200, 150, 199, 150
-1,0, 200, 150, 199, 150
-1,0, 200, 150, 199, 150
-1,0, 199, 150, 200, 150
-1,0, 407, 150, -7, 150
-1,0, 198, 150, 202, 150
-1,0, 407, 150, -7, 150
-1,0, 409, 150, -9, 150
-1,0, 198, 150, 201, 150
-1,0, 199, 150, 200, 150
-1,0, 199, 150, 200, 150
-1,0, 201, 150, 198, 150
-1,0, 409, 150, -9, 150
-1,0, 411, 150, -11, 150
-1,0, 198, 150, 201, 150
-1,0, 199, 150, 200, 150
-1,0, 199, 150, 200, 150
-1,0, 200, 150, 199, 150
-1,0, 200, 150, 199, 150
-1,0, 410, 150, -10, 150
-1,0, 412, 150, -12, 150
-1,0, 198, 150, 201, 150
-1,0, 199, 150, 200, 150
-1,0, 199, 150, 200, 150
-1,0, 198, 150, 202, 150
-1,0, 200, 150, 199, 150
-1,0, 410, 150, -10, 150
-1,0, 199, 150, 200, 150
-1,0, 200, 150, 200, 150
-1,0, 200, 150, 200, 150
-1,0, 200, 150, 199, 150
-1,0, 408, 150, -8, 150
-1,0, 410, 150, -10, 150
-1,0, 197, 150, 202, 150
-1,0, 200, 150, 199, 150
-1,0, 201, 150, 198, 150
-1,0, 409, 150, -9, 150
-1,0, 409, 150, -9, 150
-1,0, 200, 150, 199, 150
-1,0, 199, 150, 200, 150
-1,0, 200, 150, 199, 150
-1,0, 200, 150, 199, 150
-1,0, 410, 150, -10, 150
-1,0, 411, 150, -11, 150
-1,0, 200, 150, 199, 150
-1,0, 199, 150, 200, 150
-1,0, 199, 150, 200, 150
-1,0, 199, 150, 200, 150
-1,0, 410, 150, -10, 150
-1,0, 412, 150, -12, 150
-1,0, 201, 150, 198, 150
-1,0, 199, 150, 200, 150
-1,0, 200, 150, 199, 150
-1,0, 200, 150, 199, 150
-1,0, 409, 150, -9, 150
-1,0, 410, 150, -10, 150
-1,0, 199, 150, 200, 150
-1,0, 198, 150, 201, 150
-1,0, 199, 150, 200, 150
-1,0, 198, 150, 202, 150
-1,0, 199, 150, 200, 150
-1,0, 411, 150, -11, 150
-1,0, 410, 150, -10, 150
0,1, 199, 139, 200, 161
0,1, 198, 0, 201, 300
0,1, 198, 0, 201, 300
0,1, 322, 0, 78, 300
0,1, 354, 0, 46, 300
-1,0, 362, 150, 37, 150
-1,0, 200, 150, 199, 150
-1,0, 199, 150, 200, 150
-1,0, 199, 150, 200, 150
-1,0, 199, 150, 200, 150
-1,0, 200, 150, 200, 150
-1,0, 199, 150, 200, 150
-1,0, 200, 150, 199, 150
-1,0, 200, 150, 199, 150
-1,0, 200, 150, 199, 150
-1,0, 417, 150, -17, 150
-1,0, 199, 150, 200, 150
-1,0, 200, 150, 199, 150
-1,0, 202, 150, 198, 150
-1,0, 200, 150, 200, 150
-1,0, 201, 150, 198, 150
-1,0, 200, 150, 199, 150
-1,0, 200, 150, 199, 150
-1,0, 198, 150, 201, 150
-1,0, 200, 150, 199, 150
-1,0, 199, 150, 200, 150
-1,0, 199, 150, 200, 150
-1,0, 200, 150, 199, 150
-1,0, 198, 150, 201, 150
-1,0, 199, 150, 200, 150
-1,0, 200, 150, 199, 150
-1,0, 200, 150, 199, 150
-1,0, 199, 150, 200, 150
-1,0, 198, 150, 201, 150
-1,0, 200, 150, 199, 150
-1,0, 416, 150, -16, 150
-1,0, 200, 150, 199, 150
-1,0, 199, 150, 200, 150
-1,0, 200, 150, 199, 150
-1,0, 200, 150, 199, 150
-1,0, 199, 150, 200, 150
-1,0, 198, 150, 202, 150
-1,0, 197, 150, 202, 150
-1,0, 202, 150, 198, 150
-1,0, 198, 150, 201, 150
-1,0, 199, 150, 200, 150
-1,0, 201, 150, 198, 150
-1,0, 198, 150, 201, 150
-1,0, 202, 150, 198, 150
-1,0, 201, 150, 198, 150
-1,0, 201, 150, 198, 150
-1,0, 200, 150, 200, 150
-1,0, 200, 150, 200, 150
-1,0, 200, 150, 200, 150
-1,0, 198, 150, 201, 150
-1,0, 200, 150, 199, 150
-1,0, 200, 150, 199, 150
-1,0, 200, 150, 200, 150
-1,0, 198, 150, 201, 150
-1,0, 199, 150, 200, 150
-1,0, 200, 150, 200, 150
-1,0, 199, 150, 200, 150
-1,0, 200, 150, 200, 150
-1,0, 200, 150, 199, 150
-1,0, 198, 150, 201, 150
-1,0, 199, 150, 200, 150
-1,0, 199, 150, 200, 150
-1,0, 201, 150, 198, 150
-1,0, 199, 150, 200, 150
-1,0, 200, 150, 200, 150
-1,0, 199, 150, 200, 150
-1,0, 200, 150, 199, 150
-1,0, 200, 150, 199, 150
-1,0, 200, 150, 200, 150
-1,0, 199, 150, 200, 150
-1,0, 199, 150, 200, 150
-1,0, 418, 150, -18, 150
-1,0, 198, 150, 201, 150
-1,0, 200, 150, 199, 150
-1,0, 198, 150, 201, 150
-1,0, 200, 150, 199, 150
-1,0, 200, 150, 199, 150
-1,0, 199, 150, 200, 150
-1,0, 197, 150, 202, 150
-1,0, 201, 150, 198, 150
-1,0, 198, 150, 202, 150
-1,0, 200, 150, 199, 150
-1,0, 201, 150, 198, 150
-1,0, 200, 150, 200, 150
-1,0, 198, 150, 202, 150
-1,0, 201, 150, 198, 150
-1,0, 199, 150, 200, 150
-1,0, 199, 150, 200, 150
-1,0, 198, 150, 201, 150
-1,0, 201, 150, 198, 150
-1,0, 198, 150, 201, 150
-1,0, 198, 150, 202, 150
-1,0, 201, 150, 198, 150
-1,0, 199, 150, 200, 150
-1,0, 200, 150, 199, 150
-1,0, 199, 150, 200, 150
-1,0, 201, 150, 198, 150
-1,0, 201, 150, 198, 150
-1,0, 199, 150, 200, 150
-1,0, 200, 150, 199, 150
-1,0, 200, 150, 200, 150
-1,0, 199, 150, 200, 150
-1,0, 200, 150, 199, 150
-1,0, 198, 150, 202, 150
-1,0, 200, 150, 199, 150
-1,0, 200, 150, 199, 150
-1,0, 200, 150, 200, 150
-1,0, 200, 150, 200, 150
-1,0, 199, 150, 200, 150
-1,0, 199, 150, 200, 150
-1,0, 201, 150, 198, 150
-1,0, 200, 150, 199, 150
-1,0, 198, 150, 201, 150
-1,0, 200, 150, 199, 150
-1,0, 200, 150, 200, 150
-1,0, 198, 150, 201, 150
-1,0, 198, 150, 202, 150
-1,0, 197, 150, 202, 150
-1,0, 201, 150, 198, 150
-1,0, 199, 150, 200, 150
-1,0, 200, 150, 199, 150
-1,0, 200, 150, 199, 150
-1,0, 199, 150, 200, 150
-1,0, 199, 150, 200, 150
-1,0, 202, 150, 198, 150
-1,0, 200, 150, 199, 150
-1,0, 201, 150, 198, 150
-1,0, 202, 150, 197, 150
-1,0, 200, 150, 199, 150
-1,0, 199, 150, 200, 150
-1,0, 198, 150, 201, 150
-1,0, 200, 150, 199, 150
-1,0, 200, 150, 199, 150
-1,0, 199, 150, 200, 150
-1,0, 199, 150, 200, 150
-1,0, 199, 150, 200, 150
-1,0, 200, 150, 199, 150
-1,0, 202, 150, 197, 150
-1,0, 201, 150, 198, 150
-1,0, 201, 150, 198, 150
-1,0, 200, 150, 199, 150
-1,0, 198, 150, 201, 150
-1,0, 201, 150, 198, 150
-1,0, 198, 150, 201, 150
-1,0, 200, 150, 199, 150
-1,0, 199, 150, 200, 150
-1,0, 202, 150, 198, 150
-1,0, 201, 150, 198, 150
-1,0, 199, 150, 200, 150
-1,0, 200, 150, 199, 150
-1,0, 199, 150, 200, 150
-1,0, 200, 150, 200, 150
-1,0, 200, 150, 200, 150
-1,0, 199, 150, 200, 150
-1,0, 201, 150, 198, 150
-1,0, 200, 150, 199, 150
-1,0, 200, 150, 199, 150
-1,0, 201, 150, 198, 150
-1,0, 199, 150, 200, 150
-1,0, 200, 150, 199, 150
-1,0, 200, 150, 199, 150
-1,0, 199, 150, 200, 150
-1,0, 201, 150, 198, 150
-1,0, 201, 150, 198, 150
-1,0, 200, 150, 199, 150
-1,0, 197, 150, 202, 150
-1,0, 199, 150, 200, 150
-1,0, 201, 150, 198, 150
-1,0, 198, 150, 201, 150
-1,0, 200, 150, 199, 150
-1,0, 200, 150, 199, 150
-1,0, 201, 150, 198, 150
-1,0, 200, 150, 200, 150
-1,0, 198, 150, 202, 150
-1,0, 200, 150, 199, 150
-1,0, 200, 150, 200, 150
-1,0, -16, 150, 416, 150
-1,0, -17, 150, 417, 150
-1,0, 176, 150, 223, 150
-1,0, -18, 150, 418, 150
-1,0, -19, 150, 419, 150
-1,0, 199, 150, 200, 150
-1,0, -18, 150, 418, 150
-1,0, 195, 150, 204, 150
-1,0, 194, 150, 205, 150
-1,0, 157, 150, 242, 150
-1,0, 158, 150, 241, 150
-1,0, 156, 150, 244, 150
-1,0, 157, 150, 242, 150
-1,0, 158, 150, 241, 150
-1,0, 201, 150, 198, 150
-1,0, 202, 150, 198, 150
-1,0, 4, 150, 396, 150
-1,0, 3, 150, 396, 150
-1,0, 199, 150, 200, 150
-1,0, 199, 150, 200, 150
-1,0, 200, 150, 200, 150
-1,0, -18, 150, 418, 150
-1,0, 200, 150, 200, 150
-1,0, 199, 150, 200, 150
-1,0, 158, 150, 241, 150
-1,0, 159, 150, 240, 150
-1,0, 158, 150, 242, 150
-1,0, -18, 150, 418, 150
-1,0, -16, 150, 416, 150
-1,0, 201, 150, 198, 150
-1,0, 201, 150, 198, 150
-1,0, 199, 150, 200, 150
-1,0, 200, 150, 200, 150
-1,0, -16, 150, 416, 150
-1,0, 175, 150, 224, 150
-1,0, 179, 150, 220, 150
-1,0, 176, 150, 223, 150
-1,0, 200, 150, 199, 150
-1,0, 199, 150, 200, 150
-1,0, -16, 150, 416, 150
-1,0, -18, 150, 418, 150
-1,0, -16, 150, 416, 150
-1,0, 158, 150, 242, 150
-1,0, 158, 150, 242, 150
-1,0, 156, 150, 243, 150
-1,0, -17, 150, 417, 150
-1,0, -17, 150, 417, 150
-1,0, -17, 150, 417, 150
-1,0, -17, 150, 417, 150
-1,0, -14, 150, 414, 150
-1,0, -18, 150, 418, 150
-1,0, 156, 150, 243, 150
-1,0, -17, 150, 417, 150
-1,0, -16, 150, 416, 150
-1,0, 156, 150, 243, 150
-1,0, -14, 150, 414, 150
-1,0, -18, 150, 418, 150
-1,0, 158, 150, 241, 150
-1,0, -16, 150, 416, 150
-1,0, 157, 150, 242, 150
-1,0, -16, 150, 416, 150
-1,0, 157, 150, 242, 150
-1,0, -17, 150, 417, 150
-1,0, 157, 150, 242, 150
-1,0, 158, 150, 242, 150
-1,0, -18, 150, 418, 150
-1,0, 156, 150, 243, 150
-1,0, -18, 150, 418, 150
-1,0, 158, 150, 241, 150
-1,0, 158, 150, 241, 150
-1,0, -17, 150, 417, 150
-1,0, 159, 150, 240, 150
-1,0, 159, 150, 240, 150
-1,0, 155, 150, 244, 150
-1,0, -18, 150, 418, 150
-1,0, 158, 150, 241, 150
-1,0, 157, 150, 242, 150
-1,0, 157, 150, 242, 150
-1,0, -16, 150, 416, 150
-1,0, 157, 150, 242, 150
-1,0, 158, 150, 242, 150
-1,0, 195, 150, 204, 150
-1,0, -16, 150, 416, 150
-1,0, 200, 150, 199, 150
-1,0, 200, 150, 200, 150
-1,0, 200, 150, 200, 150
-1,0, 198, 150, 201, 150
-1,0, 200, 150, 200, 150
-1,0, 200, 150, 199, 150
-1,0, 200, 150, 200, 150
-1,0, 198, 150, 201, 150
-1,0, 199, 150, 200, 150
-1,0, 199, 150, 200, 150
-1,0, 199, 150, 200, 150
-1,0, 198, 150, 201, 150
-1,0, 198, 150, 201, 150
-1,0, 199, 150, 200, 150
-1,0, 199, 150, 200, 150
-1,0, 197, 150, 202, 150
-1,0, 201, 150, 198, 150
-1,0, 200, 150, 199, 150
-1,0, 201, 150, 198, 150
-1,0, 200, 150, 199, 150
-1,0, 199, 150, 200, 150
-1,0, 200, 150, 200, 150
-1,0, 199, 150, 200, 150
-1,0, 196, 150, 203, 150
-1,0, 203, 150, 196, 150
-1,0, 202, 150, 197, 150
-1,0, 190, 150, 209, 150
-1,0, 192, 150, 208, 150
-1,0, 202, 150, 198, 150
-1,0, 199, 150, 200, 150
-1,0, 198, 150, 201, 150
-1,0, 201, 150, 198, 150
-1,0, -17, 150, 417, 150
-1,0, 200, 150, 200, 150
-1,0, 200, 150, 200, 150
-1,0, 199, 150, 200, 150
-1,0, 200, 150, 199, 150
-1,0, 199, 150, 200, 150
-1,0, 198, 150, 201, 150
-1,0, 199, 150, 200, 150
-1,0, 200, 150, 199, 150
-1,0, 200, 150, 199, 150
-1,0, -16, 150, 416, 150
-1,0, 200, 150, 199, 150
-1,0, 198, 150, 201, 150
-1,0, 202, 150, 198, 150
-1,0, -16, 150, 416, 150
-1,0, 199, 150, 200, 150
-1,0, 199, 150, 200, 150
-1,0, 200, 150, 200, 150
-1,0, -16, 150, 416, 150
-1,0, 200, 150, 200, 150
-1,0, 200, 150, 200, 150
-1,0, 200, 150, 200, 150
-1,0, -16, 150, 416, 150
-1,0, 200, 150, 199, 150
-1,0, 200, 150, 199, 150
-1,0, 200, 150, 199, 150
-1,0, 198, 150, 201, 150
-1,0, 199, 150, 200, 150
-1,0, 176, 150, 223, 150
-1,0, 200, 150, 200, 150
-1,0, 200, 150, 199, 150
-1,0, 199, 150, 200, 150
-1,0, 200, 150, 200, 150
-1,0, 200, 150, 200, 150
-1,0, 200, 150, 200, 150
-1,0, 201, 150, 198, 150
-1,0, 202, 150, 198, 150
-1,0, 200, 150, 200, 150
-1,0, -17, 150, 417, 150
-1,0, 201, 150, 198, 150
-1,0, 200, 150, 200, 150
-1,0, 200, 150, 199, 150
-1,0, 201, 150, 198, 150
-1,0, 199, 150, 200, 150
-1,0, 156, 150, 243, 150
-1,0, 157, 150, 242, 150
-1,0, 158, 150, 242, 150
-1,0, 200, 150, 199, 150
-1,0, 158, 150, 242, 150
-1,0, 157, 150, 242, 150
-1,0, 156, 150, 243, 150
-1,0, 198, 150, 202, 150
-1,0, 158, 150, 241, 150
-1,0, 157, 150, 242, 150
-1,0, 199, 150, 200, 150
-1,0, 158, 150, 241, 150
-1,0, 160, 150, 239, 150
-1,0, 200, 150, 200, 150
-1,0, 156, 150, 243, 150
-1,0, 201, 150, 198, 150
-1,0, 158, 150, 242, 150
-1,0, 199, 150, 200, 150
-1,0, 159, 150, 240, 150
-1,0, 158, 150, 241, 150
-1,0, 199, 150, 200, 150
-1,0, 157, 150, 242, 150
-1,0, 200, 150, 199, 150
-1,0, 200, 150, 200, 150
-1,0, 157, 150, 242, 150
-1,0, 199, 150, 200, 150
-1,0, 156, 150, 243, 150
-1,0, 200, 150, 199, 150
-1,0, 200, 150, 199, 150
-1,0, 200, 150, 200, 150
-1,0, 200, 150, 199, 150
-1,0, 200, 150, 200, 150
-1,0, 200, 150, 199, 150
-1,0, 200, 150, 200, 150
-1,0, 199, 150, 200, 150
-1,0, 200, 150, 199, 150
-1,0, 201, 150, 198, 150
-1,0, 200, 150, 199, 150
-1,0, 200, 150, 200, 150
-1,0, 199, 150, 200, 150
-1,0, 201, 150, 198, 150
-1,0, 200, 150, 200, 150
-1,0, 200, 150, 200, 150
-1,0, 200, 150, 200, 150
-1,0, 202, 150, 198, 150
-1,0, 200, 150, 200, 150
-1,0, 200, 150, 200, 150
-1,0, 199, 150, 200, 150
-1,0, 198, 150, 201, 150
-1,0, 199, 150, 200, 150
-1,0, 200, 150, 199, 150
-1,0, 200, 150, 199, 150
-1,0, 199, 150, 200, 150
-1,0, 199, 150, 200, 150
-1,0, 200, 150, 200, 150
-1,0, 202, 150, 198, 150
-1,0, 198, 150, 201, 150
-1,0, 201, 150, 198, 150
-1,0, 201, 150, 198, 150
-1,0, 200, 150, 200, 150
-1,0, 200, 150, 200, 150
-1,0, 202, 150, 197, 150
-1,0, 200, 150, 200, 150
-1,0, 201, 150, 198, 150
-1,0, 200, 150, 199, 150
-1,0, 200, 150, 199, 150
-1,0, 199, 150, 200, 150
-1,0, 198, 150, 201, 150
-1,0, 200, 150, 199, 150
-1,0, 199, 150, 200, 150
-1,0, 415, 150, -15, 150
-1,0, 416, 150, -16, 150
-1,0, 198, 150, 201, 150
-1,0, 288, 150, 111, 150
-1,0, 286, 150, 113, 150
-1,0, 286, 150, 113, 150
-1,0, 416, 150, -16, 150
-1,0, 419, 150, -19, 150
-1,0, 198, 150, 201, 150
-1,0, 330, 150, 69, 150
-1,0, 330, 150, 70, 150
-1,0, 200, 150, 200, 150
-1,0, 417, 150, -17, 150
-1,0, 416, 150, -16, 150
-1,0, 329, 150, 70, 150
-1,0, 330, 150, 69, 150
-1,0, 205, 150, 194, 150
-1,0, 416, 150, -16, 150
-1,0, 244, 150, 155, 150
-1,0, 239, 150, 160, 150
-1,0, 242, 150, 158, 150
-1,0, 417, 150, -17, 150
-1,0, 418, 150, -18, 150
-1,0, 417, 150, -17, 150
-1,0, 418, 150, -18, 150
-1,0, 417, 150, -17, 150
-1,0, 416, 150, -16, 150
-1,0, 200, 150, 200, 150
-1,0, 201, 150, 198, 150
-1,0, 201, 150, 198, 150
-1,0, 416, 150, -16, 150
-1,0, 418, 150, -18, 150
-1,0, 199, 150, 200, 150
-1,0, 418, 150, -18, 150
-1,0, 417, 150, -17, 150
-1,0, 418, 150, -18, 150
-1,0, 201, 150, 198, 150
-1,0, 417, 150, -17, 150
-1,0, 416, 150, -16, 150
-1,0, 198, 150, 201, 150
-1,0, 223, 150, 176, 150
-1,0, 219, 150, 180, 150
-1,0, 223, 150, 176, 150
-1,0, 201, 150, 198, 150
-1,0, 417, 150, -17, 150
-1,0, 419, 150, -19, 150
-1,0, 198, 150, 201, 150
-1,0, 417, 150, -17, 150
-1,0, 200, 150, 199, 150
-1,0, 416, 150, -16, 150
-1,0, 199, 150, 200, 150
-1,0, 416, 150, -16, 150
-1,0, 200, 150, 200, 150
-1,0, 416, 150, -16, 150
-1,0, 200, 150, 200, 150
-1,0, 416, 150, -16, 150
-1,0, 196, 150, 203, 150
-1,0, 200, 150, 200, 150
-1,0, 242, 150, 157, 150
-1,0, 243, 150, 156, 150
-1,0, 242, 150, 157, 150
-1,0, 241, 150, 158, 150
-1,0, 239, 150, 160, 150
-1,0, 242, 150, 158, 150
-1,0, 242, 150, 157, 150
-1,0, 240, 150, 159, 150
-1,0, 418, 150, -18, 150
-1,0, 243, 150, 156, 150
-1,0, 242, 150, 158, 150
-1,0, 243, 150, 156, 150
-1,0, 242, 150, 157, 150
-1,0, 244, 150, 156, 150
-1,0, 417, 150, -17, 150
-1,0, 240, 150, 159, 150
-1,0, 240, 150, 159, 150
-1,0, 241, 150, 158, 150
-1,0, 242, 150, 157, 150
-1,0, 240, 150, 159, 150
-1,0, 240, 150, 159, 150
-1,0, 417, 150, -17, 150
-1,0, 241, 150, 158, 150
-1,0, 240, 150, 159, 150
-1,0, 243, 150, 156, 150
-1,0, 242, 150, 157, 150
-1,0, 243, 150, 156, 150
-1,0, 240, 150, 159, 150
-1,0, 227, 150, 172, 150
-1,0, 224, 150, 175, 150
-1,0, 198, 150, 201, 150
-1,0, 199, 150, 200, 150
-1,0, 418, 150, -18, 150
-1,0, 197, 150, 202, 150
-1,0, 200, 150, 199, 150
-1,0, 198, 150, 201, 150
-1,0, 199, 150, 200, 150
1,1, 241, -2, 158, 302
1,1, 241, -69, 158, 369
1,1, 412, -109, -12, 409
1,1, 415, -195, -15, 495
1,1, 416, -344, -16, 644
1,1, 199, -300, 200, 600
1,1, 200, -300, 199, 600
1,1, 198, -300, 201, 600
1,1, 200, -300, 199, 600
1,1, 200, -300, 199, 600
1,1, 200, -300, 200, 600
1,1, 200, -300, 199, 600
1,1, 197, -300, 202, 600
1,1, 199, -300, 200, 600
1,1, 200, -300, 200, 600
1,1, 198, -300, 201, 600
1,1, 199, -300, 200, 600
1,1, 199, -300, 200, 600
1,1, 199, -300, 200, 600
1,1, 199, -300, 200, 600
1,1, 199, -300, 200, 600
1,1, 199, -300, 200, 600
1,1, 200, -300, 199, 600
1,1, 148, -300, 251, 600
1,1, 199, -300, 200, 600
1,1, 198, -300, 201, 600
1,1, 198, -285, 201, 585
1,1, 198, -176, 201, 476
1,1, 198, -131, 201, 431
1,1, 198, -51, 202, 351
1,1, 202, -33, 197, 333
1,1, 199, -8, 200, 308
1,1, 200, 24, 199, 276
1,1, 199, 28, 200, 272
1,1, 199, 31, 200, 269
1,1, 199, 33, 200, 267
1,1, 200, 36, 199, 264
1,1, 197, 39, 202, 261
1,1, 200, 47, 199, 253
1,1, 199, 53, 200, 247
1,1, 201, 58, 198, 242
1,1, 198, 63, 202, 237
1,1, 199, 73, 200, 227
1,1, 198, 83, 201, 217
1,1, 199, 94, 200, 206
1,1, 202, 102, 198, 198
1,1, 200, 104, 199, 196
1,1, 201, 123, 198, 177
1,1, 186, 135, 214, 165
1,1, 185, 137, 214, 163
1,1, 316, 145, 83, 155
1,1, 199, 145, 200, 155
1,1, 200, 151, 199, 149
1,1, 198, 162, 201, 138
1,1, 200, 167, 199, 133
1,1, 199, 173, 200, 127
1,1, 200, 178, 200, 122
1,1, 200, 188, 199, 112
1,1, 199, 183, 200, 117
1,1, 198, 198, 201, 102
1,1, 290, 187, 110, 113
1,1, 292, 197, 107, 103
1,1, 198, 192, 202, 108
1,1, 200, 199, 199, 101
1,1, 198, 205, 201, 95
1,1, 200, 200, 199, 100
1,1, 199, 214, 200, 86
1,1, 200, 212, 199, 88
1,1, 200, 215, 200, 85
1,1, 199, 215, 200, 85
1,1, 199, 218, 200, 82
1,1, 200, 219, 200, 81
1,1, 200, 223, 200, 77
1,1, 200, 223, 199, 77
1,1, 198, 219, 201, 81
1,1, 200, 226, 199, 74
1,1, 199, 217, 200, 83
1,1, 199, 224, 200, 76
1,1, 198, 223, 201, 77
1,1, 199, 221, 200, 79
1,1, 200, 227, 199, 73
1,1, 200, 228, 200, 72
1,1, 199, 225, 200, 75
1,1, 198, 233, 201, 67
1,1, 199, 237, 200, 63
1,1, 199, 222, 200, 78
1,1, 200, 229, 199, 71
1,1, 200, 224, 199, 76
1,1, 200, 214, 200, 86
1,1, 200, 229, 200, 71
1,1, 199, 223, 200, 77
1,1, 199, 220, 200, 80
1,1, 200, 220, 200, 80
1,1, 200, 211, 199, 89
1,1, 201, 214, 198, 86
1,1, 200, 214, 200, 86
1,1, 200, 217, 200, 83
1,1, 200, 217, 199, 83
1,1, 200, 218, 200, 82
1,1, 199, 212, 200, 88
1,1, 200, 206, 200, 94
1,1, 199, 201, 200, 99
1,1, 200, 204, 199, 96
1,1, 202, 204, 198, 96
1,1, 200, 196, 199, 104
1,1, 199, 196, 200, 104
1,1, 201, 194, 198, 106
1,1, 199, 189, 200, 111
1,1, 200, 182, 199, 118
1,1, 199, 235, 200, 65
1,1, 200, 239, 199, 61
1,1, 199, 240, 200, 60
1,1, 200, 248, 199, 52
1,1, 199, 243, 200, 57
1,1, 199, 242, 200, 58
1,1, 200, 257, 200, 43
1,1, 199, 249, 200, 51
1,1, 200, 250, 199, 50
1,1, 200, 241, 199, 59
1,1, 198, 248, 201, 52
1,1, 200, 250, 200, 50
1,1, 200, 251, 199, 49
1,1, 198, 250, 201, 50
1,1, 200, 250, 200, 50
1,1, 200, 254, 200, 46
1,1, 199, 249, 200, 51
1,1, 200, 248, 200, 52
1,1, 199, 250, 200, 50
1,1, 200, 244, 199, 56
1,1, 200, 250, 200, 50
1,1, 201, 248, 198, 52
1,1, 200, 249, 199, 51
1,1, 199, 246, 200, 54
1,1, 199, 247, 200, 53
1,1, 200, 240, 200, 60
1,1, 201, 255, 198, 45
1,1, 200, 246, 199, 54
1,1, 198, 242, 201, 58
1,1, 201, 239, 198, 61
1,1, 200, 254, 199, 46
1,1, 201, 244, 198, 56
1,1, 200, 251, 199, 49
1,1, 198, 247, 201, 53
1,1, 200, 251, 199, 49
1,1, 199, 251, 200, 49
1,1, 202, 253, 198, 47
1,1, 200, 246, 199, 54
1,1, 201, 249, 198, 51
1,1, 200, 243, 199, 57
1,1, 202, 251, 197, 49
1,1, 200, 248, 200, 52
1,1, 200, 248, 200, 52
1,1, 199, 246, 200, 54
1,1, 201, 248, 198, 52
1,1, 201, 246, 198, 54
1,1, 199, 246, 200, 54
1,1, 200, 242, 199, 58
1,1, 201, 258, 198, 42
1,1, 198, 249, 201, 51
1,1, 200, 253, 200, 47
1,1, 198, 248, 201, 52
1,1, 200, 251, 199, 49
1,1, 200, 255, 199, 45
1,1, 202, 250, 198, 50
1,1, 201, 243, 198, 57
1,1, 200, 245, 199, 55
1,1, 200, 247, 199, 53
1,1, 199, 246, 200, 54
1,1, 200, 247, 199, 53
1,1, 200, 248, 199, 52
1,1, 200, 251, 199, 49
1,1, 199, 249, 200, 51
1,1, 201, 253, 198, 47
1,1, 200, 248, 199, 52
1,1, 199, 249, 200, 51
1,1, 201, 253, 198, 47
1,1, 199, 252, 200, 48
1,1, 201, 245, 198, 55
1,1, 200, 252, 199, 48
1,1, 200, 247, 200, 53
1,1, 200, 249, 199, 51
1,1, 201, 247, 198, 53
1,1, 200, 239, 199, 61
1,1, 199, 250, 200, 50
1,1, 200, 251, 199, 49
1,1, 200, 241, 199, 59
1,1, 198, 243, 201, 57
1,1, 201, 246, 198, 54
1,1, 200, 248, 199, 52
1,1, 201, 252, 198, 48
1,1, 199, 249, 200, 51
1,1, 200, 248, 199, 52
1,1, 199, 249, 200, 51
1,1, 197, 243, 202, 57
1,1, 199, 244, 200, 56
1,1, 199, 254, 200, 46
1,1, 198, 251, 201, 49
1,1, 199, 249, 200, 51
1,1, 200, 251, 200, 49
1,1, 200, 256, 200, 44
1,1, 200, 249, 199, 51
1,1, 200, 246, 200, 54
1,1, 200, 249, 199, 51
1,1, 199, 253, 200, 47
1,1, 201, 248, 198, 52
1,1, 200, 252, 199, 48
1,1, 199, 246, 200, 54
1,1, 200, 251, 199, 49
1,1, 198, 239, 201, 61
1,1, 200, 258, 200, 42
1,1, 200, 247, 199, 53
1,1, 200, 250, 199, 50
1,1, 200, 242, 200, 58
1,1, 200, 242, 199, 58
1,1, 200, 244, 199, 56
1,1, 200, 247, 200, 53
1,1, 199, 229, 200, 71
1,1, 200, 212, 199, 88
1,1, 199, 211, 200, 89
1,1, 200, 203, 199, 97
1,1, 201, 206, 198, 94
1,1, 202, 189, 198, 111
1,1, 200, 180, 199, 120
1,1, 200, 184, 199, 116
1,1, 197, 177, 202, 123
1,1, 198, 180, 201, 120
1,1, 200, 161, 200, 139
1,1, 200, 157, 200, 143
1,1, 200, 131, 200, 169
1,1, 200, 125, 199, 175
1,1, 198, 117, 201, 183
1,1, 201, 116, 198, 184
1,1, 200, 106, 199, 194
1,1, 200, 103, 199, 197
1,1, 199, 105, 200, 195
1,1, 202, 104, 198, 196
1,1, 200, 93, 199, 207
1,1, 200, 113, 199, 187
1,1, 200, 111, 199, 189
1,1, 200, 90, 199, 210
1,1, 199, 93, 200, 207
1,1, 198, 92, 201, 208
1,1, 200, 94, 199, 206
1,1, 198, 89, 202, 211
1,1, 200, 97, 200, 203
1,1, 198, 83, 201, 217
1,1, 199, 96, 200, 204
1,1, 201, 88, 198, 212
1,1, 200, 84, 199, 216
1,1, 198, 97, 201, 203
1,1, 200, 102, 199, 198
1,1, 200, 103, 199, 197
1,1, 198, 100, 201, 200
1,1, 200, 122, 200, 178
1,1, 200, 114, 199, 186
1,1, 202, 112, 197, 188
1,1, 199, 114, 200, 186
1,1, 200, 119, 200, 181
1,1, 200, 116, 200, 184
1,1, 202, 114, 198, 186
1,1, 200, 117, 199, 183
1,1, 199, 114, 200, 186
1,1, 198, 118, 201, 182
1,1, 199, 111, 200, 189
1,1, 200, 118, 199, 182
1,1, 201, 122, 198, 178
1,1, 198, 125, 201, 175
1,1, 199, 114, 200, 186
1,1, 200, 129, 199, 171
1,1, 200, 118, 200, 182
1,1, 200, 125, 199, 175
1,1, 198, 130, 201, 170
1,1, 199, 130, 200, 170
1,1, 198, 130, 201, 170
1,1, 200, 138, 200, 162
1,1, 199, 138, 200, 162
1,1, 198, 134, 201, 166
1,1, 199, 142, 200, 158
1,1, 200, 136, 199, 164
1,1, 200, 141, 199, 159
1,1, 200, 144, 199, 156
1,1, 198, 156, 201, 144
1,1, 201, 154, 198, 146
1,1, 200, 145, 199, 155
1,1, 200, 149, 199, 151
1,1, 200, 155, 199, 145
1,1, 199, 154, 200, 146
1,1, 198, 164, 201, 136
1,1, 200, 155, 200, 145
1,1, 201, 158, 198, 142
1,1, 200, 159, 199, 141
1,1, 200, 168, 199, 132
1,1, 202, 165, 197, 135
1,1, 198, 167, 201, 133
1,1, 198, 170, 202, 130
1,1, 199, 166, 200, 134
1,1, 198, 167, 201, 133
1,1, 200, 171, 199, 129
1,1, 199, 165, 200, 135
1,1, 199, 168, 200, 132
1,1, 201, 172, 198, 128
1,1, 202, 175, 198, 125
1,1, 199, 168, 200, 132
1,1, 200, 178, 200, 122
1,1, 198, 178, 201, 122
1,1, 201, 178, 198, 122
1,1, 200, 180, 200, 120
1,1, 198, 184, 202, 116
1,1, 198, 174, 201, 126
1,1, 200, 168, 200, 132
1,1, 200, 184, 199, 116
1,1, 200, 178, 199, 122
1,1, 201, 179, 198, 121
1,1, 200, 177, 200, 123
1,1, 199, 178, 200, 122
1,1, 201, 176, 198, 124
1,1, 200, 185, 199, 115
1,1, 200, 175, 199, 125
1,1, 201, 181, 198, 119
1,1, 199, 177, 200, 123
1,1, 199, 179, 200, 121
1,1, 200, 188, 200, 112
1,1, 201, 174, 198, 126
1,1, 200, 174, 199, 126
1,1, 198, 172, 201, 128
1,1, 200, 177, 199, 123
1,1, 201, 172, 198, 128
1,1, 199, 165, 200, 135
1,1, 198, 174, 201, 126
1,1, 200, 172, 199, 128
1,1, 200, 177, 199, 123
1,1, 199, 160, 200, 140
1,1, 199, 155, 200, 145
1,1, 200, 160, 199, 140
1,1, 199, 153, 200, 147
1,1, 197, 163, 202, 137
1,1, 200, 161, 199, 139
1,1, 199, 158, 200, 142
1,1, 199, 150, 200, 150
1,1, 199, 154, 200, 146
1,1, 200, 144, 199, 156
1,1, 200, 146, 199, 154
1,1, 200, 155, 200, 145
1,1, 200, 284, 199, 16
1,1, 201, 256, 198, 44
1,1, 200, 250, 199, 50
1,1, 200, 255, 199, 45
1,1, 200, 248, 199, 52
1,1, 199, 248, 200, 52
1,1, 200, 253, 199, 47
1,1, 200, 253, 200, 47
1,1, 199, 243, 200, 57
1,1, 198, 245, 202, 55
1,1, 199, 252, 200, 48
1,1, 199, 244, 200, 56
1,1, 201, 253, 198, 47
1,1, 198, 243, 201, 57
1,1, 201, 250, 198, 50
1,1, 201, 245, 198, 55
1,1, 198, 253, 201, 47
1,1, 200, 249, 199, 51
1,1, 200, 250, 199, 50
1,1, 198, 249, 201, 51
1,1, 200, 248, 200, 52
1,1, 198, 244, 201, 56
1,1, 200, 253, 200, 47
1,1, 199, 245, 200, 55
1,1, 200, 247, 200, 53
1,1, 198, 252, 201, 48
1,1, 201, 249, 198, 51
1,1, 199, 247, 200, 53
1,1, 200, 248, 200, 52
1,1, 199, 254, 200, 46
1,1, 120, 243, 279, 57
1,1, 121, 247, 278, 53
1,1, 121, 248, 278, 52
1,1, 201, 250, 198, 50
1,1, 198, 241, 201, 59
1,1, 201, 255, 198, 45
1,1, 200, 252, 199, 48
1,1, 198, 248, 202, 52
1,1, 200, 250, 200, 50
1,1, 90, 243, 309, 57
1,1, 70, 249, 329, 51
1,1, 68, 237, 331, 63
1,1, 70, 247, 329, 53
1,1, 69, 248, 330, 52
1,1, 68, 249, 331, 51
1,1, 68, 245, 331, 55
1,1, 70, 244, 330, 56
1,1, 69, 249, 330, 51
1,1, 68, 252, 332, 48
1,1, 70, 247, 330, 53
1,1, 66, 248, 333, 52
1,1, 69, 252, 330, 48
1,1, 71, 254, 328, 46
1,1, 68, 253, 332, 47
1,1, 69, 248, 330, 52
1,1, 70, 249, 329, 51
1,1, 68, 242, 331, 58
1,1, 69, 251, 330, 49
1,1, 200, 251, 200, 49
1,1, 198, 244, 202, 56
1,1, 200, 246, 199, 54
1,1, 198, 248, 201, 52
1,1, 202, 246, 197, 54
1,1, 200, 247, 200, 53
1,1, 201, 250, 198, 50
1,1, 201, 248, 198, 52
1,1, 198, 252, 201, 48
1,1, 197, 250, 202, 50
1,1, 198, 249, 201, 51
1,1, 200, 254, 200, 46
1,1, 200, 250, 199, 50
1,1, 200, 244, 200, 56
1,1, 199, 251, 200, 49
1,1, 200, 243, 199, 57
1,1, 201, 248, 198, 52
1,1, 200, 250, 199, 50
1,1, 200, 252, 200, 48
1,1, 199, 251, 200, 49
1,1, 199, 246, 200, 54
1,1, 201, 249, 198, 51
1,1, 198, 241, 202, 59
1,1, 201, 251, 198, 49
1,1, 200, 252, 200, 48
1,1, 198, 253, 201, 47
1,1, 200, 246, 199, 54
1,1, 198, 249, 201, 51
1,1, 199, 245, 200, 55
1,1, 202, 250, 198, 50
1,1, 200, 244, 199, 56
1,1, 200, 257, 199, 43
1,1, 200, 253, 200, 47
1,1, 200, 250, 200, 50
1,1, 201, 240, 198, 60
1,1, 200, 247, 199, 53
1,1, 197, 253, 202, 47
1,1, 200, 253, 199, 47
1,1, 200, 244, 199, 56
1,1, 201, 243, 198, 57
1,1, 199, 253, 200, 47
1,1, 197, 254, 202, 46
1,1, 201, 246, 198, 54
1,1, 200, 255, 199, 45
1,1, 202, 248, 198, 52
1,1, 201, 259, 198, 41
1,1, 199, 241, 200, 59
1,1, 200, 248, 200, 52
1,1, 201, 239, 198, 61
1,1, 200, 246, 199, 54
1,1, 198, 246, 201, 54
1,1, 200, 258, 200, 42
1,1, 200, 249, 199, 51
1,1, 199, 249, 200, 51
1,1, 198, 248, 201, 52
1,1, 200, 245, 199, 55
1,1, 198, 248, 202, 52
1,1, 200, 243, 199, 57
1,1, 199, 238, 200, 62
1,1, 198, 216, 201, 84
1,1, 199, 233, 200, 67
1,1, 200, 219, 199, 81
1,1, 200, 212, 199, 88
1,1, 200, 193, 199, 107
1,1, -17, 193, 417, 107
1,1, 199, 187, 200, 113
1,1, 199, 198, 200, 102
1,1, 201, 207, 198, 93
1,1, 200, 222, 199, 78
1,1, 199, 215, 200, 85
1,1, 199, 208, 200, 92
1,1, 416, 220, -16, 80
1,1, 200, 220, 200, 80
1,1, 417, 228, -17, 72
1,1, -17, 232, 417, 68
1,1, -4, 241, 404, 59
-1,0, -13, 150, 413, 150
-1,0, -14, 150, 414, 150
-1,0, -14, 150, 414, 150
-1,0, -13, 150, 413, 150
-1,0, -14, 150, 414, 150
-1,0, -17, 150, 417, 150
-1,0, -17, 150, 417, 150
-1,0, -18, 150, 418, 150
-1,0, -19, 150, 419, 150
-1,0, -17, 150, 417, 150
-1,0, -17, 150, 417, 150
-1,0, -16, 150, 416, 150
-1,0, -18, 150, 418, 150
-1,0, -18, 150, 418, 150
-1,0, -17, 150, 417, 150
-1,0, -18, 150, 418, 150
-1,0, -16, 150, 416, 150
-1,0, -19, 150, 419, 150
-1,0, -18, 150, 418, 150
-1,0, -18, 150, 418, 150
-1,0, 200, 150, 199, 150
-1,0, -18, 150, 418, 150
-1,0, 200, 150, 200, 150
-1,0, -18, 150, 418, 150
-1,0, 200, 150, 200, 150
-1,0, -16, 150, 416, 150
-1,0, 198, 150, 202, 150
-1,0, -18, 150, 418, 150
-1,0, 200, 150, 200, 150
-1,0, -17, 150, 417, 150
-1,0, 199, 150, 200, 150
-1,0, -18, 150, 418, 150
-1,0, 198, 150, 201, 150
-1,0, -17, 150, 417, 150
-1,0, 199, 150, 200, 150
-1,0, 199, 150, 200, 150
-1,0, -17, 150, 417, 150
-1,0, 199, 150, 200, 150
-1,0, 200, 150, 199, 150
-1,0, -17, 150, 417, 150
-1,0, 200, 150, 199, 150
-1,0, 198, 150, 202, 150
-1,0, -17, 150, 417, 150
-1,0, 199, 150, 200, 150
-1,0, 199, 150, 200, 150
-1,0, -17, 150, 417, 150
-1,0, 200, 150, 199, 150
-1,0, 199, 150, 200, 150
-1,0, 138, 150, 262, 150
-1,0, 13, 150, 386, 150
-1,0, 27, 150, 372, 150
-1,0, -9, 150, 409, 150
-1,0, 199, 150, 200, 150
-1,0, 200, 150, 199, 150
-1,0, 197, 150, 202, 150
-1,0, 198, 150, 201, 150
-1,0, 201, 150, 198, 150
-1,0, 200, 150, 199, 150
-1,0, -4, 150, 404, 150
-1,0, -10, 150, 410, 150
-1,0, 196, 150, 203, 150
-1,0, 201, 150, 198, 150
-1,0, 201, 150, 198, 150
-1,0, 199, 150, 200, 150
-1,0, 200, 150, 200, 150
-1,0, 201, 150, 198, 150
-1,0, 199, 150, 200, 150
-1,0, 201, 150, 198, 150
-1,0, 200, 150, 200, 150
-1,0, 198, 150, 201, 150
-1,0, 198, 150, 201, 150
-1,0, 198, 150, 202, 150
-1,0, 198, 150, 201, 150
-1,0, 200, 150, 199, 150
-1,0, 197, 150, 202, 150
-1,0, 200, 150, 199, 150
-1,0, 199, 150, 200, 150
-1,0, 199, 150, 200, 150
-1,0, -5, 150, 405, 150
-1,0, -8, 150, 408, 150
-1,0, -18, 150, 418, 150
-1,0, -13, 150, 413, 150
-1,0, 199, 150, 200, 150
-1,0, 198, 150, 201, 150
-1,0, 201, 150, 198, 150
-1,0, 200, 150, 200, 150
-1,0, 200, 150, 199, 150
-1,0, 198, 150, 201, 150
-1,0, 200, 150, 199, 150
-1,0, 201, 150, 198, 150
-1,0, -8, 150, 408, 150
-1,0, 200, 150, 200, 150
-1,0, -11, 150, 411, 150
-1,0, -14, 150, 414, 150
-1,0, 200, 150, 199, 150
-1,0, 200, 150, 199, 150
-1,0, 197, 150, 202, 150
-1,0, 201, 150, 198, 150
-1,0, -9, 150, 409, 150
-1,0, 199, 150, 200, 150
-1,0, -9, 150, 409, 150
-1,0, -16, 150, 416, 150
-1,0, 201, 150, 198, 150
-1,0, 200, 150, 200, 150
-1,0, 201, 150, 198, 150
-1,0, 200, 150, 199, 150
-1,0, 199, 150, 200, 150
-1,0, -10, 150, 410, 150
-1,0, -10, 150, 410, 150
-1,0, 199, 150, 200, 150
-1,0, 199, 150, 200, 150
-1,0, 198, 150, 201, 150
-1,0, -9, 150, 409, 150
-1,0, -11, 150, 411, 150
-1,0, 200, 150, 199, 150
-1,0, 202, 150, 197, 150
-1,0, 201, 150, 198, 150
-1,0, 200, 150, 200, 150
-1,0, -11, 150, 411, 150
-1,0, -11, 150, 411, 150
-1,0, 200, 150, 199, 150
-1,0, 200, 150, 199, 150
-1,0, 199, 150, 200, 150
-1,0, 201, 150, 198, 150
-1,0, 200, 150, 199, 150
-1,0, -10, 150, 410, 150
-1,0, -11, 150, 411, 150
1,1, 200, 177, 199, 123
1,1, 201, 300, 198, 0
1,1, 200, 300, 199, 0
1,1, 77, 300, 322, 0
1,1, 44, 300, 355, 0
-1,0, 37, 150, 362, 150
-1,0, 200, 150, 200, 150
-1,0, 198, 150, 202, 150
-1,0, 199, 150, 200, 150
-1,0, 200, 150, 199, 150
-1,0, 200, 150, 200, 150
-1,0, 156, 150, 243, 150
-1,0, 199, 150, 200, 150
-1,0, 170, 150, 230, 150
-1,0, 200, 150, 199, 150
-1,0, 170, 150, 230, 150
-1,0, 199, 150, 200, 150
-1,0, 201, 150, 198, 150
-1,0, 200, 150, 199, 150
-1,0, 201, 150, 198, 150
-1,0, 200, 150, 199, 150
-1,0, 200, 150, 199, 150
-1,0, 199, 150, 200, 150
-1,0, 200, 150, 199, 150
-1,0, 200, 150, 199, 150
-1,0, 200, 150, 199, 150
-1,0, 199, 150, 200, 150
-1,0, 198, 150, 201, 150
-1,0, 202, 150, 197, 150
-1,0, 200, 150, 200, 150
-1,0, 198, 150, 201, 150
-1,0, 200, 150, 200, 150
-1,0, 199, 150, 200, 150
-1,0, 200, 150, 199, 150
-1,0, 199, 150, 200, 150
-1,0, 202, 150, 198, 150
-1,0, 199, 150, 200, 150
-1,0, 199, 150, 200, 150
-1,0, 200, 150, 199, 150
-1,0, 200, 150, 199, 150
-1,0, 198, 150, 201, 150
-1,0, 199, 150, 200, 150
-1,0, 199, 150, 200, 150
-1,0, 199, 150, 200, 150
-1,0, 199, 150, 200, 150
-1,0, 201, 150, 198, 150
-1,0, 200, 150, 200, 150
-1,0, 200, 150, 200, 150
-1,0, 198, 150, 201, 150
-1,0, 198, 150, 201, 150
-1,0, 200, 150, 200, 150
-1,0, 197, 150, 202, 150
-1,0, 201, 150, 198, 150
-1,0, 201, 150, 198, 150
-1,0, 201, 150, 198, 150
-1,0, 200, 150, 199, 150
-1,0, 199, 150, 200, 150
-1,0, 197, 150, 202, 150
-1,0, 200, 150, 200, 150
-1,0, 198, 150, 201, 150
-1,0, 203, 150, 196, 150
-1,0, 200, 150, 200, 150
-1,0, -18, 150, 418, 150
-1,0, 200, 150, 200, 150
-1,0, 201, 150, 198, 150
-1,0, 199, 150, 200, 150
-1,0, 201, 150, 198, 150
-1,0, 199, 150, 200, 150
-1,0, 199, 150, 200, 150
-1,0, 198, 150, 201, 150
-1,0, 200, 150, 199, 150
-1,0, 200, 150, 200, 150
-1,0, 197, 150, 202, 150
-1,0, 199, 150, 200, 150
-1,0, 199, 150, 200, 150
-1,0, 197, 150, 202, 150
-1,0, 198, 150, 201, 150
-1,0, 417, 150, -17, 150
-1,0, 419, 150, -19, 150
-1,0, 214, 150, 185, 150
-1,0, 417, 150, -17, 150
-1,0, 418, 150, -18, 150
-1,0, 368, 150, 31, 150
-1,0, 198, 150, 201, 150
-1,0, 200, 150, 199, 150
-1,0, 200, 150, 200, 150
-1,0, 318, 150, 82, 150
-1,0, 320, 150, 79, 150
-1,0, 200, 150, 200, 150
-1,0, 366, 150, 33, 150
-1,0, 367, 150, 32, 150
-1,0, 201, 150, 198, 150
-1,0, 199, 150, 200, 150
-1,0, 416, 150, -16, 150
-1,0, 419, 150, -19, 150
-1,0, 366, 150, 33, 150
-1,0, 198, 150, 202, 150
-1,0, 200, 150, 200, 150
-1,0, 200, 150, 200, 150
-1,0, 417, 150, -17, 150
-1,0, 213, 150, 186, 150
-1,0, 209, 150, 190, 150
-1,0, 211, 150, 188, 150
-1,0, 366, 150, 34, 150
-1,0, 198, 150, 201, 150
-1,0, 199, 150, 200, 150
-1,0, 304, 150, 95, 150
-1,0, 221, 150, 178, 150
-1,0, 222, 150, 177, 150
-1,0, 416, 150, -16, 150
-1,0, 211, 150, 188, 150
-1,0, 211, 150, 188, 150
-1,0, 418, 150, -18, 150
-1,0, 199, 150, 200, 150
-1,0, 367, 150, 32, 150
-1,0, 365, 150, 34, 150
-1,0, 199, 150, 200, 150
-1,0, 200, 150, 200, 150
-1,0, 200, 150, 199, 150
-1,0, 201, 150, 198, 150
-1,0, 417, 150, -17, 150
-1,0, 418, 150, -18, 150
-1,0, 201, 150, 198, 150
-1,0, 213, 150, 186, 150
-1,0, 199, 150, 200, 150
-1,0, 241, 150, 158, 150
-1,0, 242, 150, 157, 150
-1,0, 221, 150, 178, 150
-1,0, 224, 150, 176, 150
-1,0, 418, 150, -18, 150
-1,0, 418, 150, -18, 150
-1,0, 200, 150, 200, 150
-1,0, 416, 150, -16, 150
-1,0, 417, 150, -17, 150
-1,0, 416, 150, -16, 150
-1,0, 201, 150, 198, 150
-1,0, 416, 150, -16, 150
-1,0, 200, 150, 199, 150
-1,0, 417, 150, -17, 150
-1,0, 417, 150, -17, 150
-1,0, 200, 150, 200, 150
-1,0, 417, 150, -17, 150
-1,0, 200, 150, 199, 150
-1,0, 415, 150, -15, 150
-1,0, 199, 150, 200, 150
-1,0, 416, 150, -16, 150
-1,0, 200, 150, 200, 150
-1,0, 416, 150, -16, 150
-1,0, 198, 150, 201, 150
-1,0, 417, 150, -17, 150
-1,0, 199, 150, 200, 150
-1,0, 416, 150, -16, 150
-1,0, 200, 150, 199, 150
-1,0, 200, 150, 199, 150
-1,0, 417, 150, -17, 150
-1,0, 200, 150, 200, 150
-1,0, 210, 150, 189, 150
-1,0, 211, 150, 188, 150
-1,0, 199, 150, 200, 150
-1,0, 201, 150, 198, 150
-1,0, 198, 150, 201, 150
-1,0, 198, 150, 201, 150
-1,0, 199, 150, 200, 150
-1,0, 200, 150, 199, 150
-1,0, 200, 150, 200, 150
-1,0, 200, 150, 200, 150
-1,0, 418, 150, -18, 150
-1,0, 199, 150, 200, 150
-1,0, 199, 150, 200, 150
-1,0, 418, 150, -18, 150
-1,0, 200, 150, 199, 150
-1,0, 200, 150, 200, 150
-1,0, 417, 150, -17, 150
-1,0, 201, 150, 198, 150
-1,0, 199, 150, 200, 150
-1,0, 200, 150, 199, 150
-1,0, 368, 150, 32, 150
-1,0, 201, 150, 198, 150
-1,0, 243, 150, 156, 150
-1,0, 241, 150, 158, 150
-1,0, 243, 150, 156, 150
-1,0, 242, 150, 157, 150
-1,0, 241, 150, 158, 150
-1,0, 242, 150, 158, 150
-1,0, 240, 150, 159, 150
-1,0, 244, 150, 155, 150
-1,0, 243, 150, 156, 150
-1,0, 242, 150, 158, 150
-1,0, 242, 150, 158, 150
-1,0, 241, 150, 158, 150
-1,0, 242, 150, 158, 150
-1,0, 241, 150, 158, 150
-1,0, 241, 150, 158, 150
-1,0, 242, 150, 157, 150
-1,0, 244, 150, 156, 150
-1,0, 243, 150, 156, 150
-1,0, 242, 150, 157, 150
-1,0, 243, 150, 156, 150
-1,0, 242, 150, 157, 150
-1,0, 243, 150, 156, 150
-1,0, 199, 150, 200, 150
-1,0, 200, 150, 199, 150
-1,0, 200, 150, 199, 150
-1,0, 199, 150, 200, 150
-1,0, 197, 150, 202, 150
-1,0, 200, 150, 200, 150
-1,0, 199, 150, 200, 150
-1,0, 200, 150, 199, 150
-1,0, 199, 150, 200, 150
-1,0, 200, 150, 199, 150
-1,0, 202, 150, 197, 150
-1,0, 200, 150, 199, 150
-1,0, 200, 150, 200, 150
-1,0, 200, 150, 199, 150
-1,0, 200, 150, 199, 150
-1,0, 200, 150, 200, 150
-1,0, 198, 150, 201, 150
-1,0, 199, 150, 200, 150
-1,0, 202, 150, 198, 150
-1,0, 200, 150, 199, 150
-1,0, 199, 150, 200, 150
-1,0, 198, 150, 201, 150
-1,0, 199, 150, 200, 150
-1,0, 200, 150, 199, 150
-1,0, 198, 150, 201, 150
-1,0, 200, 150, 199, 150
-1,0, 199, 150, 200, 150
-1,0, 200, 150, 200, 150
-1,0, 416, 150, -16, 150
-1,0, 198, 150, 201, 150
-1,0, 202, 150, 197, 150
-1,0, 198, 150, 201, 150
-1,0, 202, 150, 197, 150
-1,0, 199, 150, 200, 150
-1,0, 202, 150, 198, 150
-1,0, 415, 150, -15, 150
-1,0, 200, 150, 199, 150
-1,0, 201, 150, 198, 150
-1,0, 200, 150, 200, 150
-1,0, 200, 150, 200, 150
-1,0, 201, 150, 198, 150
-1,0, 200, 150, 200, 150
-1,0, 203, 150, 196, 150
-1,0, 200, 150, 199, 150
-1,0, 199, 150, 200, 150
-1,0, 197, 150, 202, 150
-1,0, 199, 150, 200, 150
-1,0, 199, 150, 200, 150
-1,0, 201, 150, 198, 150
-1,0, 200, 150, 200, 150
-1,0, 201, 150, 198, 150
-1,0, 202, 150, 197, 150
-1,0, 200, 150, 200, 150
-1,0, 201, 150, 198, 150
-1,0, 198, 150, 201, 150
-1,0, 200, 150, 199, 150
-1,0, 201, 150, 198, 150
-1,0, 200, 150, 200, 150
-1,0, 200, 150, 200, 150
-1,0, 198, 150, 201, 150
-1,0, 201, 150, 198, 150
-1,0, 199, 150, 200, 150
-1,0, 201, 150, 198, 150
-1,0, 200, 150, 199, 150
-1,0, 198, 150, 201, 150
-1,0, 201, 150, 198, 150
-1,0, 200, 150, 199, 150
-1,0, 201, 150, 198, 150
-1,0, 202, 150, 197, 150
-1,0, 199, 150, 200, 150
-1,0, 200, 150, 200, 150
-1,0, 199, 150, 200, 150
-1,0, 202, 150, 197, 150
-1,0, 240, 150, 159, 150
-1,0, 198, 150, 202, 150
-1,0, 242, 150, 157, 150
-1,0, 202, 150, 198, 150
-1,0, 242, 150, 157, 150
-1,0, 242, 150, 157, 150
-1,0, 201, 150, 198, 150
-1,0, 242, 150, 157, 150
-1,0, 198, 150, 201, 150
-1,0, 246, 150, 153, 150
-1,0, 202, 150, 198, 150
-1,0, 201, 150, 198, 150
-1,0, 241, 150, 158, 150
-1,0, 200, 150, 199, 150
-1,0, 240, 150, 159, 150
-1,0, 200, 150, 199, 150
-1,0, 243, 150, 156, 150
-1,0, 199, 150, 200, 150
-1,0, 200, 150, 199, 150
-1,0, 242, 150, 158, 150
-1,0, 200, 150, 199, 150
-1,0, 241, 150, 158, 150
-1,0, 200, 150, 199, 150
-1,0, 200, 150, 199, 150
-1,0, 240, 150, 159, 150
-1,0, 198, 150, 201, 150
-1,0, 199, 150, 200, 150
-1,0, 243, 150, 156, 150
-1,0, 199, 150, 200, 150
-1,0, 199, 150, 200, 150
-1,0, 241, 150, 158, 150
-1,0, 197, 150, 202, 150
-1,0, 199, 150, 200, 150
-1,0, 200, 150, 200, 150
-1,0, 241, 150, 158, 150
-1,0, 200, 150, 200, 150
-1,0, 199, 150, 200, 150
-1,0, 240, 150, 159, 150
-1,0, 200, 150, 200, 150
-1,0, 200, 150, 199, 150
-1,0, 198, 150, 201, 150
-1,0, 200, 150, 200, 150
-1,0, 241, 150, 158, 150
-1,0, 199, 150, 200, 150
-1,0, 199, 150, 200, 150
-1,0, 202, 150, 197, 150
-1,0, 241, 150, 158, 150
-1,0, 201, 150, 198, 150
-1,0, 202, 150, 198, 150
-1,0, 198, 150, 201, 150
-1,0, 200, 150, 199, 150
-1,0, 200, 150, 199, 150
-1,0, 200, 150, 199, 150
-1,0, 241, 150, 158, 150
-1,0, 200, 150, 199, 150
-1,0, 199, 150, 200, 150
-1,0, 199, 150, 200, 150
-1,0, 199, 150, 200, 150
-1,0, 198, 150, 201, 150
-1,0, 241, 150, 158, 150
-1,0, 200, 150, 200, 150
-1,0, 197, 150, 202, 150
-1,0, 199, 150, 200, 150
-1,0, 200, 150, 199, 150
-1,0, 199, 150, 200, 150
-1,0, 199, 150, 200, 150
-1,0, 240, 150, 159, 150
-1,0, 201, 150, 198, 150
-1,0, 200, 150, 199, 150
-1,0, 201, 150, 198, 150
-1,0, 235, 150, 164, 150
-1,0, 234, 150, 165, 150
-1,0, 242, 150, 157, 150
-1,0, 243, 150, 156, 150
-1,0, 241, 150, 158, 150
-1,0, 416, 150, -16, 150
-1,0, 200, 150, 199, 150
-1,0, 200, 150, 199, 150
-1,0, 199, 150, 200, 150
-1,0, 416, 150, -16, 150
-1,0, 416, 150, -16, 150
-1,0, 199, 150, 200, 150
-1,0, 221, 150, 178, 150
-1,0, 224, 150, 175, 150
-1,0, 417, 150, -17, 150
-1,0, 417, 150, -17, 150
-1,0, 206, 150, 194, 150
-1,0, 418, 150, -18, 150
-1,0, 206, 150, 193, 150
-1,0, 206, 150, 193, 150
